Agency Name,City,State,Program Started,Cameras Deployed,Program Status,Total Officers,Patrol Officers,# Cameras Purchased,# Cameras Deployed,Policy Link,Camera Supplier,Footage subject to open records law?,Notes on disclosure,Contract link,Cost,Notes on Cost,Related Link 1,Related Link 2,Related Link 3,Source,Entered By,Notes,
BETHEL POLICE DEPT,Bethel,AK,,,,,,,,,,,,,,,,,,BJS,,,
CORDOVA POLICE DEPT,Cordova,AK,,,,,,,,,,,,,,,,,,BJS,,,
NORTH POLE POLICE DEPT,North Pole,AK,,,,,,,,,,,,,,,,,,BJS,,,
ALBERTVILLE POLICE DEPT,Albertville,AL,,,,,,,,,,,,,,,,,,BJS,,,
ALEXANDER CITY POLICE DEPT,Alexander City,AL,,,,,,,,,,,,,,,,,,BJS,,,
ARGO POLICE DEPT,Trussville,AL,,,,,,,,,,,,,,,,,,BJS,,,
ASHVILLE POLICE DEPT,Ashville,AL,,,,,,,,,,,,,,,,,,BJS,,,
ATHENS POLICE DEPT,Athens,AL,,,,,,,,,,,,,,,http://whnt.com/2016/02/24/athens-police-to-release-body-camera-footage-from-officers-who-restrained-patient-at-hospital/,,,BJS,,News reports confirm program exists.,
BALDWIN COUNTY SHERIFFS OFFICE,Bay Minette,AL,,,,,,,,,,,,,,,,,,BJS,,,
BERRY POLICE DEPT,Berry,AL,,,,,,,,,,,,,,,,,,BJS,,,
BROOKWOOD POLICE DEPT,Brookwood,AL,,,,,,,,,,,,,,,,,,BJS,,,
CALERA POLICE DEPT,Calera,AL,,,,,,,,,,,,,,,,,,BJS,,,
CAMDEN POLICE DEPT,Camden,AL,,,,,,,,,,,,,,,,,,BJS,,,
CLAY COUNTY SHERIFFS OFFICE,Ashland,AL,,,,,,,,,,,,,,,,,,BJS,,,
CULLMAN COUNTY SHERIFFS OFFICE,Cullman,AL,,,,,,,,,,,,,,,,,,BJS,,,
DADEVILLE POLICE DEPT,Dadeville,AL,,,,,,,,,,,,,,,,,,BJS,,,
DECATUR POLICE DEPT,Decatur,AL,,,,,,,,,,,,,,,,,,BJS,,,
DOTHAN POLICE DEPT,Dothan,AL,,,,,,,,,,,,,,,,,,BJS,,,
DOZIER POLICE DEPT,Dozier,AL,,,,,,,,,,,,,,,,,,BJS,,,
FLOMATON POLICE DEPT,Flomaton,AL,,,,,,,,,,,,,,,,,,BJS,,,
GUNTERSVILLE POLICE DEPT,Guntersville,AL,,,,,,,,,,,,,,,,,,BJS,,,
HALE COUNTY SHERIFFS OFFICE,Greensboro,AL,,,,,,,,,,,,,,,,,,BJS,,,
HENAGAR POLICE DEPT,Henagar,AL,,,,,,,,,,,,,,,,,,BJS,,,
HENRY COUNTY SHERIFFS OFFICE,Abbeville,AL,,,,,,,,,,,,,,,,,,BJS,,,
HOLLYWOOD POLICE DEPT,Hollywood,AL,,,,,,,,,,,,,,,,,,BJS,,,
LAUDERDALE COUNTY SHERIFFS OFFICE,Florence,AL,,,,,,,,,,,,,,,,,,BJS,,,
LEE COUNTY SHERIFFS OFFICE,Opelika,AL,,,,,,,,,,,,,,,,,,BJS,,,
LINEVILLE POLICE DEPT,Lineville,AL,,,,,,,,,,,,,,,,,,BJS,,,
LOCKHART POLICE DEPT,Lockhart,AL,,,,,,,,,,,,,,,,,,BJS,,,
MOBILE POLICE DEPT,Mobile,AL,,,,,,,,,,,,,,,,,,BJS,,,
MONROEVILLE POLICE DEPT,Monroeville,AL,,,,,,,,,,,,,,,,,,BJS,,,
MOUNT VERNON POLICE DEPT,Mount Vernon,AL,,,,,,,,,,,,,,,,,,BJS,,,
ONEONTA POLICE DEPT,Oneonta,AL,,,,,,,,,,,,,,,,,,BJS,,,
PLEASANT GROVE POLICE DEPT,Pleasant Grove,AL,,,,,,,,,,,,,,,,,,BJS,,,
RED BAY POLICE DEPT,Red Bay,AL,,,,,,,,,,,,,,,,,,BJS,,,
RUSSELL COUNTY SHERIFFS OFFICE,Phenix City,AL,,,,,,,,,,,,,,,,,,BJS,,,
SATSUMA POLICE DEPT,Satsuma,AL,,,,,,,,,,,,,,,,,,BJS,,,
SELMA POLICE DEPT,Selma,AL,,,,,,,,,,,,,,,,,,BJS,,,
VALLEY HEAD POLICE DEPT,Valley Head,AL,,,,,,,,,,,,,,,,,,BJS,,,
VESTAVIA HILLS POLICE DEPT,Vestavia Hills,AL,,,,,,,,,,,,,,,,,,BJS,,,
Littleville Police Department,Littleville,AL,,,PROPOSED,,,,,,,,,,,,,,,http://www.bodycameradonations.com/agencies/,Rachel Alexander,Seeking donations to fund program,
BEARDEN POLICE DEPT,Bearden,AR,,,,,,,,,,,,,,,,,,BJS,,,
BENTON POLICE DEPT,Benton,AR,,,,,,,,,,,,,,,,,,BJS,,,
CARLISLE POLICE DEPT,Carlisle,AR,,,,,,,,,,,,,,,,,,BJS,,,
CARROLL COUNTY SHERIFFS OFFICE,Berryville,AR,,,,,,,,,,,,,,,,,,BJS,,,
CLAY COUNTY SHERIFFS OFFICE,Piggott,AR,,,,,,,,,,,,,,,,,,BJS,,,
CRAIGHEAD COUNTY SHERIFFS OFFICE,Jonesboro,AR,,,,,,,,,,,,,,,,,,BJS,,,
DE QUEEN POLICE DEPT,DeQueen,AR,,,,,,,,,,,,,,,,,,BJS,,,
EL DORADO POLICE DEPT,El Dorado,AR,,,,,,,,,,,,,,,,,,BJS,,,
FARMINGTON POLICE DEPT,Farmington,AR,,,,,,,,,,,,,,,,,,BJS,,,
FAYETTEVILLE POLICE DEPT,Fayetteville,AR,,,,,,,,,,,,,,,,,,BJS,,,
FLIPPIN POLICE DEPT,Flippin,AR,,,,,,,,,,,,,,,,,,BJS,,,
FORT SMITH POLICE DEPT,Fort Smith,AR,,,,,,,,,,,,,,,,,,BJS,,,
FULTON COUNTY SHERIFFS DEPT,Salem,AR,,,,,,,,,,,,,,,,,,BJS,,,
HAMBURG POLICE DEPT,Hamburg,AR,,,,,,,,,,,,,,,,,,BJS,,,
JONESBORO POLICE DEPT,Jonesboro,AR,,,,,,,,,,,,,,,,,,BJS,,,
LAMAR POLICE DEPT,Lamar,AR,,,,,,,,,,,,,,,,,,BJS,,,
LAWRENCE COUNTY SHERIFFS DEPT,Walnut Ridge,AR,,,,,,,,,,,,,,,,,,BJS,,,
MALVERN POLICE DEPT,Malvern,AR,,,,,,,,,,,,,,,,,,BJS,,,
MULBERRY POLICE DEPT,Mulberry,AR,,,,,,,,,,,,,,,,,,BJS,,,
NEVADA COUNTY SHERIFFS DEPT,Prescott,AR,,,,,,,,,,,,,,,,,,BJS,,,
NORTH LITTLE ROCK POLICE DEPT,North Little Rock,AR,,,,,,,,,,,,,,,,,,BJS,,,
PATTERSON POLICE DEPT,Patterson,AR,,,,,,,,,,,,,,,,,,BJS,,,
PRAIRIE GROVE POLICE DEPT,Prairie Grove,AR,,,,,,,,,,,,,,,,,,BJS,,,
SPRINGDALE POLICE DEPT,Springdale,AR,,,,,,,,,,,,,,,,,,BJS,,,
WALDO POLICE DEPT,Waldo,AR,,,,,,,,,,,,,,,,,,BJS,,,
WALDRON POLICE DEPT,Waldron,AR,,,,,,,,,,,,,,,,,,BJS,,,
Faulkner County Sheriff's Office,Conway,AR,,,PROPOSED,,,,,,,,,,,,,,,http://www.bodycameradonations.com/agencies/,Rachel Alexander,Seeking donations to fund program,
Huntington Police Department,Huntington,AR,,,PROPOSED,,,,,,,,,,,,,,,http://www.bodycameradonations.com/agencies/,Rachel Alexander,Seeking donations to fund program,
Leachville Police Department,Leachville,AR,,,PROPOSED,,,,,,,,,,,,,,,http://www.bodycameradonations.com/agencies/,Rachel Alexander,Seeking donations to fund program,
APACHE JUNCTION POLICE DEPT,Apache Junction,AZ,,,,,,,,,,,,,,,,,,BJS,,,
Arizona Dept of Public Safety,Phoenix,AZ,,,,,,,,,,,,,,,,,,BJS,,,
CAMP VERDE MARSHAL'S OFFICE,Camp Verde,AZ,,,,,,,,,,,,,,,,,,BJS,,,
COCONINO COUNTY SHERIFFS OFFICE,Flagstaff,AZ,,,,,,,,,,,,,,,,,,BJS,,,
FLORENCE POLICE DEPT,Florence,AZ,,,,,,,,,,,,,,,,,,BJS,,,
MESA POLICE DEPT,Mesa,AZ,,,,,,,,,,,,,,,,,,BJS,,,
MIAMI POLICE DEPT,Miami,AZ,,,,,,,,,,,,,,,,,,BJS,,,
ORO VALLEY POLICE DEPT,Oro Valley,AZ,,,,,,,,,,,,,,,,,,BJS,,,
PARKER POLICE DEPT,Parker,AZ,,,,,,,,,,,,,,,,,,BJS,,,
QUARTZSITE POLICE DEPT,Quartzsite,AZ,,,,,,,,,,,,,,,,,,BJS,,,
SAHUARITA POLICE DEPT,Sahuarita,AZ,,,,,,,,,,,,,,,,,,BJS,,,
SALT RIVER TRIBAL POLICE DEPT,Scottsdale,AZ,,,,,,,,,,,,,,,,,,BJS,,,
SCOTTSDALE POLICE DEPT,Scottsdale,AZ,,,,,,,,,,,,,,,,,,BJS,,,
SIERRA VISTA POLICE DEPT,Sierra Vista,AZ,,,,,,,,,,,,,,,,,,BJS,,,
SOMERTON POLICE DEPT,Somerton,AZ,,,,,,,,,,,,,,,,,,BJS,,,
SURPRISE POLICE DEPT,Surprise,AZ,,,,,,,,,,,,,,,,,,BJS,,,
TUCSON POLICE DEPT,Tucson,AZ,,,,,,,,,,,,,,,,,,BJS,,,
YUMA COUNTY SHERIFFS OFFICE,Yuma,AZ,,,,,,,,,,,,,,,,,,BJS,,,
Phoenix Police Department,Phoenix,AZ,,,,2979,,150,,Phoenix,,,,,,,,,,Campaign Zero,Rachel Alexander,,
ALAMEDA COUNTY SHERIFFS DEPT,Oakland,CA,,2010,ACTIVE,,,,,,,,,,,,http://kalw.org/post/oakland-body-cameras-offer-glimpses-officer-involved-deaths#stream/0,,,BJS,,,
ALAMEDA POLICE DEPT,Alameda,CA,,,,,,,,,,,,,,,,,,BJS,,,
ATWATER POLICE DEPT,Atwater,CA,,,,,,,,,,,,,,,,,,BJS,,,
BELL GARDENS POLICE DEPT,Bell Gardens,CA,,,,,,,,,,,,,,,,,,BJS,,,
BISHOP POLICE DEPT,Bishop,CA,,,,,,,,,,,,,,,,,,BJS,,,
CALEXICO POLICE DEPT,Calexico,CA,,,,,,,,,,,,,,,,,,BJS,,,
CAMPBELL POLICE DEPT,Campbell,CA,,,,,,,,,,,,,,,,,,BJS,,,
CHINO POLICE DEPT,Chino,CA,,,,,,,,,,,,,,,,,,BJS,,,
CONTRA COSTA COUNTY SHERIFFS OFFICE,Martinez,CA,,,,,,,,,,,,,,,,,,BJS,,,
DELANO POLICE DEPT,Delano,CA,,,,,,,,,,,,,,,,,,BJS,,,
DOWNEY POLICE DEPT,Downey,CA,,,,,,,,,,,,,,,,,,BJS,,,
EL SEGUNDO POLICE DEPT,El Segundo,CA,,,,,,,,,,,,,,,,,,BJS,,,
FOLSOM POLICE DEPT,Folsom,CA,,,,,,,,,,,,,,,,,,BJS,,,
GROVER BEACH POLICE DEPT,Grover Beach,CA,,,,,,,,,,,,,,,,,,BJS,,,
HERMOSA BEACH POLICE DEPT,Hermosa Beach,CA,,,,,,,,,,,,,,,,,,BJS,,,
IMPERIAL POLICE DEPT,Imperial,CA,,,,,,,,,,,,,,,,,,BJS,,,
LA MESA POLICE DEPT,La Mesa,CA,,,,,,,,,,,,,,,,,,BJS,,,
LEMOORE POLICE DEPT,Lemoore,CA,,,,,,,,,,,,,,,,,,BJS,,,
MANHATTAN BEACH POLICE DEPT,Manhattan Beach,CA,,,,,,,,,,,,,,,,,,BJS,,,
MARYSVILLE POLICE DEPT,Marysville,CA,,,,,,,,,,,,,,,,,,BJS,,,
MERCED POLICE DEPT,Merced,CA,,,,,,,,,,,,,,,,,,BJS,,,
MODESTO POLICE DEPT,Modesto,CA,,,,,,,,,,,,,,,,,,BJS,,,
MONROVIA POLICE DEPT,Monrovia,CA,,,,,,,,,,,,,,,,,,BJS,,,
OAKLAND POLICE DEPT,Oakland,CA,,,,,,,,,,,,,,,,,,BJS,,,
ONTARIO POLICE DEPT,Ontario,CA,,,,,,,,,,,,,,,,,,BJS,,,
PALM SPRINGS POLICE DEPT,Palm Springs,CA,,,,,,,,,,,,,,,,,,BJS,,,
PLEASANTON POLICE DEPT,Pleasanton,CA,,,,,,,,,,,,,,,,,,BJS,,,
RIALTO POLICE DEPT,Rialto,CA,,,,,,,,,,,,,,,,,,BJS,,,
RIVERSIDE COUNTY SHERIFFS DEPT,Riverside,CA,,,,,,,,,,,,,,,,,,BJS,,,
SAN BERNARDINO COUNTY SHERIFFS DEPT,San Bernardino,CA,,,,,,,,,,,,,,,,,,BJS,,,
SAN LUIS OBISPO POLICE DEPT,San Luis Obispo,CA,,,,,,,,,,,,,,,,,,BJS,,,
SAN MATEO COUNTY SHERIFFS DEPT,Redwood City,CA,,,,,,,,,,,,,,,,,,BJS,,,
SAN RAMON POLICE DEPT,San Ramon,CA,,,,,,,,,,,,,,,,,,BJS,,,
SANTA BARBARA COUNTY SHERIFFS DEPT,Santa Barbara,CA,,,,,,,,,,,,,,,,,,BJS,,,
SANTA BARBARA POLICE DEPT,Santa Barbara,CA,,,,,,,,,,,,,,,,,,BJS,,,
SANTA MARIA POLICE DEPT,Santa Maria,CA,,,,,,,,,,,,,,,,,,BJS,,,
SANTA ROSA POLICE DEPT,Santa Rosa,CA,,,,,,,,,,,,,,,,,,BJS,,,
SUISUN CITY POLICE DEPT,Suisun City,CA,,,,,,,,,,,,,,,,,,BJS,,,
SUTTER COUNTY SHERIFFS DEPT,Yuba City,CA,,,,,,,,,,,,,,,,,,BJS,,,
VENTURA COUNTY SHERIFFS DEPT,Ventura,CA,,,,,,,,,,,,,,,,,,BJS,,,
YREKA POLICE DEPT,Yreka,CA,,,,,,,,,,,,,,,,,,BJS,,,
Los Angeles Police Department,Los Angeles,CA,,,,,,860,,Los Angeles,Taser International,,,,,,http://www.latimes.com/local/cityhall/la-me-lapd-body-camera-contract-20160119-story.html,http://www.reuters.com/article/us-usa-police-bodycameras-idUSKCN0R020W20150831,http://www.latimes.com/local/lanow/la-me-ln-lapd-body-cameras-20160318-story.html,News reports,Rachel Alexander,,
San Jose Police Department,San Jose,CA,,,,,,15,,San Jose,,,,,,,,,,Campaign Zero,Rachel Alexander,,
Austin Housing Patrol,Chino Hills,CA,,,PROPOSED,,,,,,,,,,,,,,,http://www.bodycameradonations.com/agencies/,Rachel Alexander,Seeking donations to fund program,
Long Beach Police Department,Long Beach,CA,,,ACTIVE,,,,,,Utility,,,,,,http://www.sfexaminer.com/sfpd-body-camera-contract-questioned-by-losing-bidder/,,,News reports,Rachel Alexander,,
Sacramento Police Department,Sacramento,CA,,,PILOT,,,,,,Utility,,,,,,http://www.sfexaminer.com/sfpd-body-camera-contract-questioned-by-losing-bidder/,,,News reports,Rachel Alexander,,
San Francisco Police Department,San Francisco,CA,2/1/2016,,PROPOSED,,,"1,800",,,Taser International,,,,$2.4 million,Total funding requested by SFPD for program.,http://www.sfexaminer.com/sfpd-body-camera-contract-questioned-by-losing-bidder/,,,News reports,Rachel Alexander,,
San Diego Police Department,San Diego,CA,,2015,,,,871,,San Diego,,,,,,,http://www.sandiegouniontribune.com/news/2015/sep/08/sdpd-body-cameras-use-of-force-complaints/,http://www.voiceofsandiego.org/topics/public-safety/watchdog-group-urges-sheriff-to-tweak-new-body-camera-policies/,,News reports,Rachel Alexander,Looks like they may be on a second pilot? Worth clarifying.,
Berkely Police Department,Berkely,CA,1/1/2015,,PROPOSED,,,,,,,,,,,,http://www.contracostatimes.com/breaking-news/ci_29450610/berkeley-prepares-rules-police-body-cams,,,News reports,Rachel Alexander,,
ESCONDIDO POLICE DEPT,Escondido,CA,,,ACTIVE,,,,,,Taser International,,,,,,http://www.sandiegouniontribune.com/news/2016/feb/01/prosecutors-police-body-worn-camera-video/,,,News reports,Rachel Alexander,,
Davis Police Department,Davis,CA,,4/1/2016,PROPOSED,,,,,,,,,,,,http://www.davisenterprise.com/local-news/crime-fire-courts/davis-police-roll-out-body-camera-program/,,,News reports,Rachel Alexander,,
Piedmont Police Department,Piedmont,CA,,2015,PILOT,,,,3,,,,,,,,http://abc3340.com/news/local/piedmont-police-chief-says-body-cameras-havent-been-working,,,News reports,Rachel Alexander,Chief Freddie Norton said cameras have not been working well.,
San Diego County Sheriff's Office,San Diego,CA,8/1/2014,2/1/2016,PILOT,,,,,,,,,,,,http://www.voiceofsandiego.org/topics/public-safety/watchdog-group-urges-sheriff-to-tweak-new-body-camera-policies/,,,News reports,Rachel Alexander,90 day initial pilot testing cameras from 3 manufacturers,
El Cerrito Police Department,El Cerrito,CA,,,PROPOSED,,24,,,,,,,,,,http://www.contracostatimes.com/el-cerrito/ci_29460468/el-cerrito-police-discuss-use-body-cameras-at,,,News reports,Rachel Alexander,,
Chula Vista Police Department,Chula Vista,CA,,,ACTIVE,,,,,,,,,,,,http://www.sandiegouniontribune.com/news/2016/feb/01/prosecutors-police-body-worn-camera-video/,,,News reports,Rachel Alexander,,
Coronado Police Department,Coronado,CA,,,ACTIVE,,,,,,,,,,,,http://www.sandiegouniontribune.com/news/2016/feb/01/prosecutors-police-body-worn-camera-video/,,,News reports,Rachel Alexander,,
Southwestern College,Chula Vista,CA,,,ACTIVE,,,,,,,,,,,,http://www.sandiegouniontribune.com/news/2016/feb/01/prosecutors-police-body-worn-camera-video/,,,News reports,Rachel Alexander,,
San Diego Metropolitan Transit System,San Diego,CA,,,ACTIVE,,,,,,,,,,,,http://www.sandiegouniontribune.com/news/2016/feb/01/prosecutors-police-body-worn-camera-video/,,,News reports,Rachel Alexander,,
ALAMOSA COUNTY SHERIFFS OFFICE,Alamosa,CO,,,,,,,,,,,,,,,,,,BJS,,,
AURORA POLICE DEPT,Aurora,CO,,,,,,,,,,,,,,,,,,BJS,,,
BOULDER POLICE DEPT,Boulder,CO,,,,,,,,,,,,,,,,,,BJS,,,
CENTER POLICE DEPT,Center,CO,,,,,,,,,,,,,,,,,,BJS,,,
DACONO POLICE DEPT,Dacono,CO,,,,,,,,,,,,,,,,,,BJS,,,
EL PASO COUNTY SHERIFFS OFFICE,Colorado Springs,CO,,,,,,,,,,,,,,,,,,BJS,,,
FORT COLLINS POLICE DEPT,Fort Collins,CO,,,,,,,,,,,,,,,,,,BJS,,,
LOGAN COUNTY SHERIFFS DEPT,Sterling,CO,,,,,,,,,,,,,,,,,,BJS,,,
LONE TREE POLICE DEPT,Lone Tree,CO,,,,,,,,,,,,,,,,,,BJS,,,
PUEBLO COUNTY SHERIFFS OFFICE,Pueblo,CO,,,,,,,,,,,,,,,,,,BJS,,,
WASHINGTON COUNTY SHERIFFS OFFICE,Akron,CO,,,,,,,,,,,,,,,,,,BJS,,,
WELD COUNTY SHERIFFS OFFICE,Greeley,CO,,,,,,,,,,,,,,,,,,BJS,,,
Denver Police Department,Denver,CO,,,,1459,,200,,Denver,,,,,,,,,,Campaign Zero,Rachel Alexander,,
CROMWELL POLICE DEPT,Cromwell,CT,,,,,,,,,,,,,,,,,,BJS,,,
DANBURY POLICE DEPT,Danbury,CT,,,,,,,,,,,,,,,,,,BJS,,,
MILFORD POLICE DEPT,Milford,CT,,,,,,,,,,,,,,,,,,BJS,,,
NAUGATUCK POLICE DEPT,Naugatuck,CT,,,,,,,,,,,,,,,,,,BJS,,,
NORWICH POLICE DEPT,Norwich,CT,,,,,,,,,,,,,,,,,,BJS,,,
WEST HARTFORD POLICE DEPT,West Hartford,CT,,,,,,,,,,,,,,,,,,BJS,,,
Bristol Police Department,Bristol,CT,1/1/2016,,ACTIVE,,,90,,,Taser International,,,,"$300,000","Includes 90 cameras, 90 Tasers, one-year service on cameras and one year of video storage. Additional years projected to cost $70,000 each. Money used came from asset forefeiture.",http://www.centralctcommunications.com/bristolpress/article_407f6968-c6fc-11e5-893b-0f0406ec95c8.html,,,News reports,Rachel Alexander,,
University of Connecticut Police Department,Storrs,CT,,2/1/2016,PILOT,82,,,7,,,,,,,,http://www.courant.com/breaking-news/hc-body-cams-for-uconn-police-0220-20160221-story.html,,,News reports,Rachel Alexander,,
Washington DC Police Department,Washington DC,DC,,,,3100,,400,,Washington DC,,,,,,,,,,Campaign Zero,Rachel Alexander,,
SMYRNA POLICE DEPT,Smyrna,DE,,,,,,,,,,,,,,,,,,BJS,,,
Delaware State Police,Dover,DE,,2/1/2016,PILOT,,,,25,,,,,,,,http://www.delawareonline.com/story/news/crime/2016/02/25/state-police-launch-body-camera-pilot-program/80940820/,,,News reports,Rachel Alexander,,
Wilmington Police Department,Wilmington,DE,,,,,,,,,,,,,,,http://www.delawareonline.com/story/news/2016/01/23/wilmington-police-launch-body-camera-program/79221488/,,,News reports,,,
BAL HARBOUR POLICE DEPT,Bal Harbour,FL,,,,,,,,,,,,,,,,,,BJS,,,
BOYNTON BEACH POLICE DEPT,Boynton Beach,FL,,,,,,,,,,,,,,,,,,BJS,,,
BRADENTON POLICE DEPT,Bradenton,FL,,,,,,,,,,,,,,,,,,BJS,,,
BROOKSVILLE POLICE DEPT,Brooksville,FL,,,,,,,,,,,,,,,,,,BJS,,,
CHIEFLAND POLICE DEPT,Chiefland,FL,,,,,,,,,,,,,,,,,,BJS,,,
COLUMBIA COUNTY SHERIFFS OFFICE,Lake City,FL,,,,,,,,,,,,,,,,,,BJS,,,
DELRAY BEACH POLICE DEPT,Delray Beach,FL,,,,,,,,,,,,,,,,,,BJS,,,
FORT PIERCE POLICE DEPT,Fort Pierce,FL,,,,,,,,,,,,,,,,,,BJS,,,
GADSDEN COUNTY SHERIFFS OFFICE,Quincy,FL,,,,,,,,,,,,,,,,,,BJS,,,
GILCHRIST COUNTY SHERIFFS OFFICE,Trenton,FL,,,,,,,,,,,,,,,,,,BJS,,,
GRETNA POLICE DEPT,Gretna,FL,,,,,,,,,,,,,,,,,,BJS,,,
GULF COUNTY SHERIFFS DEPT,Port Saint Joe,FL,,,,,,,,,,,,,,,,,,BJS,,,
GULFPORT POLICE DEPT,Gulfport,FL,,,,,,,,,,,,,,,,,,BJS,,,
INDIAN RIVER COUNTY SHERIFFS OFFICE,Vero Beach,FL,,,,,,,,,,,,,,,,,,BJS,,,
JUPITER POLICE DEPT,Jupiter,FL,,,,,,,,,,,,,,,,,,BJS,,,
LAKE COUNTY SHERIFFS OFFICE,Tavares,FL,,,,,,,,,,,,,,,,,,BJS,,,
LARGO POLICE DEPT,Largo,FL,,,,,,,,,,,,,,,,,,BJS,,,
LYNN HAVEN POLICE DEPT,Lynn Haven,FL,,,,,,,,,,,,,,,,,,BJS,,,
MANATEE COUNTY SHERIFFS OFFICE,Bradenton,FL,,,,,,,,,,,,,,,,,,BJS,,,
NAPLES POLICE DEPT,Naples,FL,,,,,,,,,,,,,,,,,,BJS,,,
OCALA POLICE DEPT,Ocala,FL,,,,,,,,,,,,,,,,,,BJS,,,
OCEAN RIDGE POLICE DEPT,Ocean Ridge,FL,,,,,,,,,,,,,,,,,,BJS,,,
OKALOOSA COUNTY SHERIFFS OFFICE,Shalimar,FL,,,,,,,,,,,,,,,,,,BJS,,,
PALATKA POLICE DEPT,Palatka,FL,,,,,,,,,,,,,,,,,,BJS,,,
PARKER POLICE DEPT,Parker,FL,,,,,,,,,,,,,,,,,,BJS,,,
SANFORD POLICE DEPT,Sanford,FL,,,,,,,,,,,,,,,,,,BJS,,,
STUART POLICE DEPT,Stuart,FL,,,,,,,,,,,,,,,,,,BJS,,,
TALLAHASSEE POLICE DEPT,Tallahassee,FL,,,,,,,,,,,,,,,,,,BJS,,,
TEMPLE TERRACE POLICE DEPT,Temple Terrace,FL,,,,,,,,,,,,,,,,,,BJS,,,
VOLUSIA COUNTY SHERIFFS DEPT,DeLand,FL,,,,,,,,,,,,,,,,,,BJS,,,
WALTON COUNTY SHERIFFS DEPT,Defuniak Springs,FL,,,,,,,,,,,,,,,,,,BJS,,,
WASHINGTON COUNTY SHERIFFS DEPT,Chipley,FL,,,,,,,,,,,,,,,,,,BJS,,,
Miami Beach Police Department,,FL,9/1/2014,5/1/2015,,,,,,,Taser International,,,,,,http://www.miamiherald.com/news/local/crime/article20291373.html,https://www.google.com/url?q=http://web.miamibeachfl.gov/WorkArea/DownloadAsset.aspx%3Fid%3D80901&sa=U&ved=0ahUKEwjLhdibsMrKAhUE-mMKHaTSAi4QFggFMAA&client=internal-uds-cse&usg=AFQjCNFWdJs0RTI8hn7XSL4hpU5eyBQ2yw,,News reports,Rachel Alexander,,
Miami-Dade County Police Department,Miami,FL,6/1/2015,,PROPOSED,,"1,200","1,500",,,Safariland,,,http://www.miamidade.gov/govaction/legistarfiles/Matters/Y2016/160168.pdf,$5.4 million,"Total value of five-year contract approved March 2016, including purchase of 1,500 cameras. County received $1 million federal grant to offset cost.",http://www.miamiherald.com/news/local/community/miami-dade/article22957272.html,http://www.miamiherald.com/news/local/community/miami-dade/article64842592.html,,News reports,Rachel Alexander,,
Pasco County Sheriff's Office,Dade City,FL,2014,2/1/2015,ACTIVE,,,,,,,,,,,,http://statescoop.com/one-year-fla-county-sheriffs-use-body-cameras-bolster-accountability/,,,News reports,Rachel Alexander,,
ALBANY POLICE DEPT,Albany,GA,,,,,,,,,,,,,,,,,,BJS,,,
ALMA POLICE DEPT,Alma,GA,,,,,,,,,,,,,,,,,,BJS,,,
ARCADE POLICE DEPT,Jefferson,GA,,,,,,,,,,,,,,,,,,BJS,,,
AUBURN POLICE DEPT,Auburn,GA,,,,,,,,,,,,,,,,,,BJS,,,
BAINBRIDGE DEPT OF PUBLIC SFTY,Bainbridge,GA,,,,,,,,,,,,,,,,,,BJS,,,
BALDWIN POLICE DEPT,Baldwin,GA,,,,,,,,,,,,,,,,,,BJS,,,
BARROW COUNTY SHERIFFS OFFICE,Winder,GA,,,,,,,,,,,,,,,,,,BJS,,,
BARTOW COUNTY SHERIFFS OFFICE,Cartersville,GA,,,,,,,,,,,,,,,,,,BJS,,,
BIBB COUNTY SHERIFFS OFFICE,Macon,GA,,,,,,,,,,,,,,,,,,BJS,,,
CARROLL COUNTY SHERIFFS DEPT,Carrollton,GA,,,,,,,,,,,,,,,,,,BJS,,,
CARROLLTON POLICE DEPT,Carrollton,GA,,,,,,,,,,,,,,,,,,BJS,,,
CLIMAX POLICE DEPT,Climax,GA,,,,,,,,,,,,,,,,,,BJS,,,
COOLIDGE POLICE DEPT,Coolidge,GA,,,,,,,,,,,,,,,,,,BJS,,,
DALTON POLICE DEPT,Dalton,GA,,,,,,,,,,,,,,,,,,BJS,,,
DEKALB COUNTY POLICE DEPT,Tucker,GA,,,,,,,,,,,,,,,,,,BJS,,,
DOUGHERTY COUNTY SHERIFFS OFFICE,Albany,GA,,,,,,,,,,,,,,,,,,BJS,,,
EVANS COUNTY SHERIFFS DEPT,Claxton,GA,,,,,,,,,,,,,,,,,,BJS,,,
GAINESVILLE POLICE DEPT,Gainesville,GA,,,,,,,,,,,,,,,,,,BJS,,,
GRADY COUNTY SHERIFFS DEPT,Cairo,GA,,,,,,,,,,,,,,,,,,BJS,,,
HEPHZIBAH POLICE DEPT,Hephzibah,GA,,,,,,,,,,,,,,,,,,BJS,,,
HOUSTON COUNTY SHERIFFS DEPT,Warner Robins,GA,,,,,,,,,,,,,,,,,,BJS,,,
LEE COUNTY SHERIFFS OFFICE,Leesburg,GA,,,,,,,,,,,,,,,,,,BJS,,,
LEESBURG POLICE DEPT,Leesburg,GA,,,,,,,,,,,,,,,,,,BJS,,,
LUMPKIN COUNTY SHERIFFS DEPT,Dahlonega,GA,,,,,,,,,,,,,,,,,,BJS,,,
MARIETTA POLICE DEPT,Marietta,GA,,,,,,,,,,,,,,,,,,BJS,,,
MCDONOUGH PUBLIC SAFETY DEPT,McDonough,GA,,,,,,,,,,,,,,,,,,BJS,,,
METTER POLICE DEPT,Metter,GA,,,,,,,,,,,,,,,,,,BJS,,,
NEWNAN POLICE DEPT,Newnan,GA,,,,,,,,,,,,,,,,,,BJS,,,
NEWTON COUNTY SHERIFFS DEPT,Covington,GA,,,,,,,,,,,,,,,,,,BJS,,,
OAKWOOD POLICE DEPT,Oakwood,GA,,,,,,,,,,,,,,,,,,BJS,,,
PAULDING COUNTY SHERIFFS OFFICE,Dallas,GA,,,,,,,,,,,,,,,,,,BJS,,,
PINE LAKE POLICE DEPT,Pine Lake,GA,,,,,,,,,,,,,,,,,,BJS,,,
ROCKMART POLICE DEPT,Rockmart,GA,,,,,,,,,,,,,,,,,,BJS,,,
SANDY SPRINGS POLICE DEPT,Sandy Springs,GA,,,,,,,,,,,,,,,,,,BJS,,,
SARDIS POLICE DEPT,Sardis,GA,,,,,,,,,,,,,,,,,,BJS,,,
SAVANNAH-CHATHAM METRO POLICE DEPT,Savannah,GA,,,,,,,,,,,,,,,,,,BJS,,,
THOMAS COUNTY SHERIFFS OFFICE,Thomasville,GA,,,,,,,,,,,,,,,,,,BJS,,,
THOMASVILLE POLICE DEPT,Thomasville,GA,,,,,,,,,,,,,,,,,,BJS,,,
TOCCOA POLICE DEPT,Toccoa,GA,,,,,,,,,,,,,,,,,,BJS,,,
TOWNS COUNTY SHERIFFS DEPT,Young Harris,GA,,,,,,,,,,,,,,,,,,BJS,,,
TYBEE ISLAND POLICE DEPT,Tybee Island,GA,,,,,,,,,,,,,,,,,,BJS,,,
VALDOSTA POLICE DEPT,Valdosta,GA,,,,,,,,,,,,,,,,,,BJS,,,
VILLA RICA POLICE DEPT,Villa Rica,GA,,,,,,,,,,,,,,,,,,BJS,,,
WATKINSVILLE POLICE DEPT,Watkinsville,GA,,,,,,,,,,,,,,,,,,BJS,,,
Trion Police Department,Trion,GA,,,PROPOSED,,,,,,,,,,,,,,,http://www.bodycameradonations.com/agencies/,Rachel Alexander,Seeking donations to fund program,
Atlanta Police Department,Atlanta,GA,8/1/2015,1/1/2016,ON HOLD,,,,,,"WatchGuard Video (lawsuit pending from another manufacturer, Utility Associates)",,,,,,http://www.atlantamagazine.com/news-culture-articles/atlantas-police-body-cameras-put-on-hold-by-court/,,,News reports,Rachel Alexander,,
Kauai Police Department,Kauai,HI,2015,,ON HOLD,,,105,,,,,,,,,http://khon2.com/2016/03/10/hearing-begins-over-kauai-police-departments-body-camera-program/,,,News reports,Rachel Alexander,Pending Labor Relations Board hearing. Union filed complaint about camera purchase.,
ALGONA POLICE DEPT,Algona,IA,,,,,,,,,,,,,,,,,,BJS,,,
CARROLL POLICE DEPT,Carroll,IA,,,,,,,,,,,,,,,,,,BJS,,,
CEDAR FALLS POLICE DEPT,Cedar Falls,IA,,,,,,,,,,,,,,,,,,BJS,,,
IOWA CITY POLICE DEPT,Iowa City,IA,,,,,,,,,,,,,,,,,,BJS,,,
LAKE MILLS POLICE DEPT,Lake Mills,IA,,,,,,,,,,,,,,,,,,BJS,,,
LAMONI POLICE DEPT,Lamoni,IA,,,,,,,,,,,,,,,,,,BJS,,,
LEON POLICE DEPT,Leon,IA,,,,,,,,,,,,,,,,,,BJS,,,
MUSCATINE POLICE DEPT,Muscatine,IA,,,,,,,,,,,,,,,,,,BJS,,,
NORWALK POLICE DEPT,Norwalk,IA,,,,,,,,,,,,,,,,,,BJS,,,
OELWEIN POLICE DEPT,Oelwein,IA,,,,,,,,,,,,,,,,,,BJS,,,
PARKERSBURG POLICE DEPT,Parkersburg,IA,,,,,,,,,,,,,,,,,,BJS,,,
TAMA COUNTY SHERIFFS OFFICE,Toledo,IA,,,,,,,,,,,,,,,,,,BJS,,,
WAUKON POLICE DEPT,Waukon,IA,,,,,,,,,,,,,,,,,,BJS,,,
WILLIAMSBURG POLICE DEPT,Williamsburg,IA,,,,,,,,,,,,,,,,,,BJS,,,
WOODBINE POLICE DEPT,Woodbine,IA,,,,,,,,,,,,,,,,,,BJS,,,
WORTH COUNTY SHERIFFS OFFICE,Northwood,IA,,,,,,,,,,,,,,,,,,BJS,,,
Lake View Police Department,Lake View,IA,,,PROPOSED,,,,,,,,,,,,,,,http://www.bodycameradonations.com/agencies/,Rachel Alexander,Seeking donations to fund program,
Urbandale Police Department,Urbandale,IA,,,PROPOSED,,,,,,,,,,,,,,,http://www.bodycameradonations.com/agencies/,Rachel Alexander,Seeking donations to fund program,
Des Moines Police Department,Des Moines,IA,2016,,PROPOSED,,,,,,,,,,$1.4 million,Estimated cost. City has seven bids.,http://www.desmoinesregister.com/story/news/crime-and-courts/2016/02/19/chief-all-dm-officers-wear-body-cameras-june/80605178/,,,News reports,Rachel Alexander,,
BANNOCK COUNTY SHERIFFS OFFICE,Pocatello,ID,,,,,,,,,,,,,,,,,,BJS,,,
BLAINE COUNTY SHERIFFS DEPT,Hailey,ID,,,,,,,,,,,,,,,,,,BJS,,,
FORT HALL TRIBAL POLICE DEPT,Fort Hall,ID,,,,,,,,,,,,,,,,,,BJS,,,
FREMONT COUNTY SHERIFFS OFFICE,Saint Anthony,ID,,,,,,,,,,,,,,,,,,BJS,,,
GOODING COUNTY SHERIFFS DEPT,Gooding,ID,,,,,,,,,,,,,,,,,,BJS,,,
IDAHO COUNTY SHERIFFS OFFICE,Grangeville,ID,,,,,,,,,,,,,,,,,,BJS,,,
Idaho State Police,Meridian,ID,,,,,,,,,,,,,,,,,,BJS,,,
LEWIS COUNTY SHERIFFS OFFICE,Nezperce,ID,,,,,,,,,,,,,,,,,,BJS,,,
MCCALL POLICE DEPT,McCall,ID,,,,,,,,,,,,,,,,,,BJS,,,
NAMPA POLICE DEPT,Nampa,ID,,,,,,,,,,,,,,,,,,BJS,,,
PONDERAY POLICE DEPT,Ponderay,ID,,,,,,,,,,,,,,,,,,BJS,,,
TROY POLICE DEPT,Troy,ID,,,,,,,,,,,,,,,,,,BJS,,,
Aberdeen Police Department,Aberdeen,ID,,,PROPOSED,,,,,,,,,,,,,,,http://www.bodycameradonations.com/agencies/,Rachel Alexander,Seeking donations to fund program,
ARLINGTON HEIGHTS POLICE DEPT,Arlington Heights,IL,,,,,,,,,,,,,,,,,,BJS,,,
BURNHAM POLICE DEPT,Burnham,IL,,,,,,,,,,,,,,,,,,BJS,,,
GRANT PARK POLICE DEPT,Grant Park,IL,,,,,,,,,,,,,,,,,,BJS,,,
HANOVER PARK POLICE DEPT,Hanover Park,IL,,,,,,,,,,,,,,,,,,BJS,,,
JOLIET POLICE DEPT,Joliet,IL,,,,,,,,,,,,,,,,,,BJS,,,
LAKE COUNTY SHERIFFS OFFICE,Waukegan,IL,,,,,,,,,,,,,,,,,,BJS,,,
ST CLAIR COUNTY SHERIFFS DEPT,Belleville,IL,,,,,,,,,,,,,,,,,,BJS,,,
URBANA POLICE DEPT,Urbana,IL,,,,,,,,,,,,,,,,,,BJS,,,
Chicago Police Department,Chicago,IL,,,,11944,,30,,Chicago,,,,,,,,,,Campaign Zero,Rachel Alexander,,
Benld Police Department,Benld,IL,,,PROPOSED,,,,,,,,,,,,,,,http://www.bodycameradonations.com/agencies/,Rachel Alexander,Seeking donations to fund program,
Brooklyn Police Department,Brooklyn,IL,,,PROPOSED,,,,,,,,,,,,,,,http://www.bodycameradonations.com/agencies/,Rachel Alexander,Seeking donations to fund program,
East St. Louis Police Department,East St. Louis,IL,,,PROPOSED,,,,,,,,,,,,,,,http://www.bodycameradonations.com/agencies/,Rachel Alexander,Seeking donations to fund program,
Lawrenceville Police Department,Lawrenceville,IL,,,PROPOSED,,,,,,,,,,,,,,,http://www.bodycameradonations.com/agencies/,Rachel Alexander,Seeking donations to fund program,
Metamora Police Department,Metamora,IL,,,PROPOSED,,,,,,,,,,,,,,,http://www.bodycameradonations.com/agencies/,Rachel Alexander,Seeking donations to fund program,
Midlothian Police Department,Midlothian,IL,,,PROPOSED,,,,,,,,,,,,,,,http://www.bodycameradonations.com/agencies/,Rachel Alexander,Seeking donations to fund program,
Palmya Police Department,Palmya,IL,,,PROPOSED,,,,,,,,,,,,http://www.sj-r.com/news/20160320/palmyra-police-use-social-media-for-help-buying-body-cameras,,,http://www.bodycameradonations.com/agencies/,Rachel Alexander,Seeking donations to fund program,
South Pekin Police Department,South Pekin,IL,,,PROPOSED,,,,,,,,,,,,,,,http://www.bodycameradonations.com/agencies/,Rachel Alexander,Seeking donations to fund program,
Williamsfield Police Department,Williamsfield,IL,,,PROPOSED,,,,,,,,,,,,,,,http://www.bodycameradonations.com/agencies/,Rachel Alexander,Seeking donations to fund program,
Illinois Central College,,IL,,2/1/2016,,,,,,,Taser International,,,,,,http://www.cinewsnow.com/news/local/Peoria-police-prepare-for-future-body-camera-use-369199411.html,,,News reports,Rachel Alexander,,
Peoria Police Department,Peoria,IL,,,PROPOSED,,,,,,,,,,,,http://www.cinewsnow.com/news/local/Peoria-police-prepare-for-future-body-camera-use-369199411.html,,,News reports,Rachel Alexander,,
ROCKFORD POLICE DEPT,Rockford,IL,,3/1/2016,PILOT,,,,13,,Taser International,,,,,,http://www.rrstar.com/article/20160306/NEWS/160309684,,,News reports,Rachel Alexander,,
Springfield Police Department,Springfield,IL,11/1/2015,,PROPOSED,,,,,,,,,,"$165,000",City budget line item to purchase cameras for fiscal year 2017.,http://illinoistimes.com/article-16896-city-budgets-%2524165000-for-body-cameras.html,,,News reports,Rachel Alexander,Ran pilot last fall. Just approved funding for FY 2017.,
Bradiwood Police Department,Bradiwood,IL,,,PROPOSED,,17,,,,,,,,,,http://www.theherald-news.com/2016/01/29/braidwood-police-seeking-donations-for-body-cameras/a5q83bc/,,,News reports,Rachel Alexander,Seeking donations to outfit officers with 10 cameras.,
ATTICA POLICE DEPT,Attica,IN,,,,,,,,,,,,,,,,,,BJS,,,
AURORA POLICE DEPT,Aurora,IN,,,,,,,,,,,,,,,,,,BJS,,,
AVILLA POLICE DEPT,Avilla,IN,,,,,,,,,,,,,,,,,,BJS,,,
BICKNELL POLICE DEPT,Bicknell,IN,,,,,,,,,,,,,,,,,,BJS,,,
BROWNSTOWN POLICE DEPT,Brownstown,IN,,,,,,,,,,,,,,,,,,BJS,,,
CLARKSVILLE POLICE DEPT,Clarksville,IN,,,,,,,,,,,,,,,,,,BJS,,,
EVANSVILLE POLICE DEPT,Evansville,IN,,,,,,,,,,,,,,,,,,BJS,,,
FRANKFORT POLICE DEPT,Frankfort,IN,,,,,,,,,,,,,,,,,,BJS,,,
FRANKLIN COUNTY SHERIFFS DEPT,Brookville,IN,,,,,,,,,,,,,,,,,,BJS,,,
GIBSON COUNTY SHERIFFS DEPT,Princeton,IN,,,,,,,,,,,,,,,,,,BJS,,,
GOSHEN POLICE DEPT,Goshen,IN,,,,,,,,,,,,,,,,,,BJS,,,
HARTFORD CITY POLICE DEPT,Hartford City,IN,,,,,,,,,,,,,,,,,,BJS,,,
JASPER POLICE DEPT,Jasper,IN,,,,,,,,,,,,,,,,,,BJS,,,
JOHNSON COUNTY SHERIFFS DEPT,Franklin,IN,,,,,,,,,,,,,,,,,,BJS,,,
KOKOMO POLICE DEPT,Kokomo,IN,,,,,,,,,,,,,,,,,,BJS,,,
MORGAN COUNTY SHERIFFS OFFICE,Martinsville,IN,,,,,,,,,,,,,,,,,,BJS,,,
MUNCIE POLICE DEPT,Muncie,IN,,,,,,,,,,,,,,,,,,BJS,,,
NEW WHITELAND POLICE DEPT,New Whiteland,IN,,,,,,,,,,,,,,,,,,BJS,,,
NOBLE COUNTY SHERIFFS DEPT,Albion,IN,,,,,,,,,,,,,,,,,,BJS,,,
NORTH MANCHESTER POLICE DEPT,North Manchester,IN,,,,,,,,,,,,,,,,,,BJS,,,
NORTH VERNON POLICE DEPT,North Vernon,IN,,,,,,,,,,,,,,,,,,BJS,,,
PERRY COUNTY SHERIFFS DEPT,Cannelton,IN,,,,,,,,,,,,,,,,,,BJS,,,
ROCKPORT POLICE DEPT,Rockport,IN,,,,,,,,,,,,,,,,,,BJS,,,
SHIPSHEWANA POLICE DEPT,Shipshewana,IN,,,,,,,,,,,,,,,,,,BJS,,,
TIPTON POLICE DEPT,Tipton,IN,,,,,,,,,,,,,,,,,,BJS,,,
VANDERBURGH COUNTY SHERIFFS OFFICE,Evansville,IN,,,,,,,,,,,,,,,,,,BJS,,,
VERMILLION COUNTY SHERIFFS DEPT,Newport,IN,,,,,,,,,,,,,,,,,,BJS,,,
WESTPORT POLICE DEPT,Westport,IN,,,,,,,,,,,,,,,,,,BJS,,,
Jeffersonville Police Department,Jeffersonville,IN,2015,,PILOT,,,,,,,,,,,,http://www.newsandtribune.com/news/jeffersonville-police-switch-up-body-cam-technology/article_08ed9296-dc18-11e5-9c10-6bb2c36b8c95.html,,,News reports,Rachel Alexander,,
Greencastle Police Department,Greencastle,IN,,2015,ACTIVE,,,,,,Taser International,,,,,,http://www.bannergraphic.com/story/2286588.html,,,News reports,Rachel Alexander,Supplier based on photo accompanying article - would be worth verifying.,
Cloverdale Police Department,Cloverdale,IN,,2015,ACTIVE,,,,,,Taser International,,,,,,http://www.bannergraphic.com/story/2286588.html,,,News reports,Rachel Alexander,Supplier based on photo accompanying article - would be worth verifying.,
Fillmore Police Department,Fillmore,IN,,2015,ACTIVE,,,,,,Taser International,,,,,,http://www.bannergraphic.com/story/2286588.html,,,News reports,Rachel Alexander,Supplier based on photo accompanying article - would be worth verifying.,
Roachdale Police Department,Roachdale,IN,,2015,ACTIVE,,,,,,Taser International,,,,,,http://www.bannergraphic.com/story/2286588.html,,,News reports,Rachel Alexander,Supplier based on photo accompanying article - would be worth verifying.,
Bainbridge Police Department,Bainbridge,IN,,2015,ACTIVE,,,,,,Taser International,,,,,,http://www.bannergraphic.com/story/2286588.html,,,News reports,Rachel Alexander,Supplier based on photo accompanying article - would be worth verifying.,
Russellville Police Department,Russellville,IN,,2015,ACTIVE,,,,,,Taser International,,,,,,http://www.bannergraphic.com/story/2286588.html,,,News reports,Rachel Alexander,Supplier based on photo accompanying article - would be worth verifying.,
ALTAMONT POLICE DEPT,Altamont,KS,,,,,,,,,,,,,,,,,,BJS,,,
BAXTER SPRINGS POLICE DEPT,Baxter Springs,KS,,,,,,,,,,,,,,,,,,BJS,,,
BROWN COUNTY SHERIFFS DEPT,Hiawatha,KS,,,,,,,,,,,,,,,,,,BJS,,,
CLAY COUNTY SHERIFFS DEPT,Clay Center,KS,,,,,,,,,,,,,,,,,,BJS,,,
DERBY POLICE DEPT,Derby,KS,,,,,,,,,,,,,,,,,,BJS,,,
EL DORADO POLICE DEPT,El Dorado,KS,,,,,,,,,,,,,,,,,,BJS,,,
FRONTENAC POLICE DEPT,Frontenac,KS,,,,,,,,,,,,,,,,,,BJS,,,
GARDNER DEPT OF PUBLIC SAFETY,Gardner,KS,,,,,,,,,,,,,,,,,,BJS,,,
GODDARD POLICE DEPT,Goddard,KS,,,,,,,,,,,,,,,,,,BJS,,,
IOWA (OF KS and NE) TRIBAL POLICE DEPT,Whitecloud,KS,,,,,,,,,,,,,,,,,,BJS,,,
JOHNSON COUNTY SHERIFFS OFFICE,Olathe,KS,,,,,,,,,,,,,,,,,,BJS,,,
LEAWOOD POLICE DEPT,Leawood,KS,,,,,,,,,,,,,,,,,,BJS,,,
LENEXA POLICE DEPT,Lenexa,KS,,,,,,,,,,,,,,,,,,BJS,,,
LINN VALLEY POLICE DEPT,Linn Valley,KS,,,,,,,,,,,,,,,,,,BJS,,,
LYNDON POLICE DEPT,Lyndon,KS,,,,,,,,,,,,,,,,,,BJS,,,
LYONS POLICE DEPT,Lyons,KS,,,,,,,,,,,,,,,,,,BJS,,,
MCPHERSON POLICE DEPT,McPherson,KS,,,,,,,,,,,,,,,,,,BJS,,,
MERRIAM POLICE DEPT,Merriam,KS,,,,,,,,,,,,,,,,,,BJS,,,
SUMNER COUNTY SHERIFFS DEPT,Wellington,KS,,,,,,,,,,,,,,,,,,BJS,,,
TOPEKA POLICE DEPT,Topeka,KS,,,,,,,,,,,,,,,,,,BJS,,,
TROY POLICE DEPT,Troy,KS,,,,,,,,,,,,,,,,,,BJS,,,
Burlinmgame Police Department,Burlingame,KS,,,PROPOSED,,,,,,,,,,,,,,,http://www.bodycameradonations.com/agencies/,Rachel Alexander,Seeking donations to fund program,
WICHITA POLICE DEPT,Wichita,KS,,,PROPOSED,,429,,,,,,,,,,http://cjonline.com/news/2016-02-26/wichita-police-gets-funds-finish-body-camera-purchases,,,News reports,,,
Finney County Sheriff's Office,Garden City,KS,10/1/2014,10/1/2014,ACTIVE,,,,,,,,,,,,http://www.gctelegram.com/news/local/law-enforcement-agencies-looking-at-body-cams/article_9a5ea463-9f7f-5cc1-a3d0-3dad5a70f4d0.html,,,News reports,,Initial 2014 program was for jail only. Has proposed expansion to deputies.,
Garden City Police Department,Garden City,KS,,,PROPOSED,,,,,,,,,,,,http://www.gctelegram.com/news/local/law-enforcement-agencies-looking-at-body-cams/article_9a5ea463-9f7f-5cc1-a3d0-3dad5a70f4d0.html,,,News reports,,,
Holcomb Police Department,Holcomb,KS,2015,,,,3,3,,,,,,,,,http://www.gctelegram.com/news/local/law-enforcement-agencies-looking-at-body-cams/article_9a5ea463-9f7f-5cc1-a3d0-3dad5a70f4d0.html,,,News reports,,,
ALBANY POLICE DEPT,Albany,KY,,,,,,,,,,,,,,,,,,BJS,,,
BELLEVUE POLICE DEPT,Bellevue,KY,,,,,,,,,,,,,,,,,,BJS,,,
CALLOWAY COUNTY SHERIFFS DEPT,Murray,KY,,,,,,,,,,,,,,,,,,BJS,,,
CAMPBELL COUNTY POLICE DEPT,Alexandria,KY,,,,,,,,,,,,,,,,,,BJS,,,
CHRISTIAN COUNTY SHERIFFS DEPT,Hopkinsville,KY,,,,,,,,,,,,,,,,,,BJS,,,
CLAY POLICE DEPT,Clay,KY,,,,,,,,,,,,,,,,,,BJS,,,
COVINGTON POLICE DEPT,Covington,KY,,,,,,,,,,,,,,,,,,BJS,,,
GARRARD COUNTY SHERIFFS DEPT,Lancaster,KY,,,,,,,,,,,,,,,,,,BJS,,,
GRAYSON COUNTY SHERIFFS DEPT,Leitchfield,KY,,,,,,,,,,,,,,,,,,BJS,,,
HARDINSBURG POLICE DEPT,Hardinsburg,KY,,,,,,,,,,,,,,,,,,BJS,,,
KENTON COUNTY SHERIFFS OFFICE,Covington,KY,3/1/2016,,PROPOSED,,,,,,Wolfcom,,,,"$30,000",All funds from asset seizure,http://www.wcpo.com/news/local-news/kenton-county/body-cameras-for-kenton-county-police-wont-cost-taxpayers-a-cent,,,News reports,Rachel Alexander,,
LUDLOW POLICE DEPT,Ludlow,KY,,,,,,,,,,,,,,,,,,BJS,,,
MOUNT WASHINGTON POLICE DEPT,Mount Washington,KY,,,,,,,,,,,,,,,,,,BJS,,,
PROSPECT POLICE DEPT,Prospect,KY,,,,,,,,,,,,,,,,,,BJS,,,
PROVIDENCE POLICE DEPT,Providence,KY,,,,,,,,,,,,,,,,,,BJS,,,
SIMPSON COUNTY SHERIFFS DEPT,Franklin,KY,,,,,,,,,,,,,,,,,,BJS,,,
WOODFORD COUNTY SHERIFFS DEPT,Versailles,KY,,,,,,,,,,,,,,,,,,BJS,,,
Louisville Police Department,Louisville,KY,,,,1250,,640,,Louisville,,,,,,,,,,Campaign Zero,Rachel Alexander,,
ACADIA PARISH SHERIFFS OFFICE,Crowley,LA,,,,,,,,,,,,,,,,,,BJS,,,
BENTON POLICE DEPT,Benton,LA,,,,,,,,,,,,,,,,,,BJS,,,
BERNICE POLICE DEPT,Bernice,LA,,,,,,,,,,,,,,,,,,BJS,,,
CONCORDIA PARISH SHERIFFS DEPT,Vidalia,LA,,,,,,,,,,,,,,,,,,BJS,,,
DIXIE INN POLICE DEPT,Dixie Inn,LA,,,,,,,,,,,,,,,,,,BJS,,,
EUNICE POLICE DEPT,Eunice,LA,,,,,,,,,,,,,,,,,,BJS,,,
FERRIDAY POLICE DEPT,Ferriday,LA,,,,,,,,,,,,,,,,,,BJS,,,
JEFFERSON PARISH SHERIFFS OFFICE,Harvey,LA,,,,,,,,,,,,,,,,,,BJS,,,
KROTZ SPRINGS POLICE DEPT,Krotz Springs,LA,,,,,,,,,,,,,,,,,,BJS,,,
MORGAN CITY POLICE DEPT,Morgan City,LA,,,,,,,,,,,,,,,,,,BJS,,,
PINEVILLE POLICE DEPT,Pineville,LA,,,,,,,,,,,,,,,,,,BJS,,,
SHREVEPORT POLICE DEPT,Shreveport,LA,,,,,,,,,,,,,,,,,,BJS,,,
SIBLEY POLICE DEPT,Sibley,LA,,,,,,,,,,,,,,,,,,BJS,,,
ST. LANDRY PARISH SHERIFFS DEPT,Opelousas,LA,,,,,,,,,,,,,,,,,,BJS,,,
VERMILION PARISH SHERIFFS DEPT,Abbeville,LA,,,,,,,,,,,,,,,,,,BJS,,,
VERNON PARISH SHERIFFS DEPT,Leesville,LA,,,,,,,,,,,,,,,,,,BJS,,,
WASHINGTON PARISH SHERIFFS DEPT,Franklinton,LA,,,,,,,,,,,,,,,,,,BJS,,,
WINNFIELD POLICE DEPT,Winnfield,LA,,,,,,,,,,,,,,,,,,BJS,,,
Baton Rouge Police Department,Baton Rouge,LA,,2015,PILOT,,,,100,,Taser International,,,,None,Cameras on loan from Taser for pilot,http://blogs.theadvocate.com/cityhallbuzz/2016/01/28/baton-rouge-police-switching-body-camera-vendor-to-taser/,http://theadvocate.com/news/15046721-172/east-baton-rouge-parish-sheriffs-office-to-expand-camera-use,,News reports,Rachel Alexander,"Initially had L-3 body cameras, but replaced them with Taser because L-3s were falling off.",
New Orleans Police Department,New Orleans,LA,5/1/2014,,ACTIVE,,,620,,,Taser International,,,,$2.7 million,Five year budget for 620 cameras and software (presumably including storage),http://blogs.theadvocate.com/cityhallbuzz/2016/01/28/baton-rouge-police-switching-body-camera-vendor-to-taser/,http://www.nola.com/crime/index.ssf/2016/02/nopd_body_worn_camera_guidelin.html,,News reports,Rachel Alexander,,
East Baton Rouge Parish Sheriff's Office,Baton Rouge,LA,,,PROPOSED,,,,,,,,,,,,http://theadvocate.com/news/15046721-172/east-baton-rouge-parish-sheriffs-office-to-expand-camera-use,,,News reports,Rachel Alexander,,
DUXBURY POLICE DEPT,Duxbury,MA,,,,,,,,,,,,,,,,,,BJS,,,
EAST BRIDGEWATER POLICE DEPT,East Bridgewater,MA,,,,,,,,,,,,,,,,,,BJS,,,
LAKEVILLE POLICE DEPT,Lakeville,MA,,,,,,,,,,,,,,,,,,BJS,,,
LEICESTER POLICE DEPT,Leicester,MA,,,,,,,,,,,,,,,,,,BJS,,,
PLYMPTON POLICE DEPT,Plympton,MA,,,,,,,,,,,,,,,,,,BJS,,,
CHEVERLY POLICE DEPT,Cheverly,MD,,,,,,,,,,,,,,,,,,BJS,,,
RISING SUN POLICE DEPT,Rising Sun,MD,,,,,,,,,,,,,,,,,,BJS,,,
SYKESVILLE POLICE DEPT,Sykesville,MD,,,,,,,,,,,,,,,,,,BJS,,,
Baltimore Police Department,Baltimore,MD,10/1/2015,5/1/2016,,,,,,,Taser International,,,,$11.6 million,Five-year contract.,http://www.baltimoresun.com/news/maryland/baltimore-city/bs-md-ci-taser-price-20160127-story.html,http://www.baltimoresun.com/news/maryland/baltimore-city/bs-md-ci-body-cameras-20160310-story.html,http://www.latinpost.com/articles/90290/20151028/baltimore-police-department-launch-body-camera-pilot-program.htm,News reports,Rachel Alexander,"Started with 155 officer pilot in October 2015. Taser contract awarded in March 2016 out of 12 companies who applied. Rollout scheduled through January 2018, with first group starying May 2016.",https://baltimorebrew.com/2016/03/16/boe-makes-big-award-for-body-cameras-roll-out-will-take-two-years/
BIDDEFORD POLICE DEPT,Biddeford,ME,,,,,,,,,,,,,,,,,,BJS,,,
FARMINGTON POLICE DEPT,Farmington,ME,,,,,,,,,,,,,,,,,,BJS,,,
GARDINER POLICE DEPT,Gardiner,ME,,,,,,,,,,,,,,,,,,BJS,,,
MADISON POLICE DEPT,Madison,ME,,,,,,,,,,,,,,,,,,BJS,,,
ROCKLAND POLICE DEPT,Rockland,ME,,,,,,,,,,,,,,,,,,BJS,,,
SACO POLICE DEPT,Saco,ME,,,,,,,,,,,,,,,,,,BJS,,,
WATERVILLE POLICE DEPT,Waterville,ME,,,,,,,,,,,,,,,,,,BJS,,,
CASSOPOLIS POLICE DEPT,Cassopolis,MI,,,,,,,,,,,,,,,,,,BJS,,,
CHARLEVOIX COUNTY SHERIFFS OFFICE,Charlevoix,MI,,,,,,,,,,,,,,,,,,BJS,,,
CLARE POLICE DEPT,Clare,MI,,,,,,,,,,,,,,,,,,BJS,,,
CLINTON CHARTER TOWNSHIP POLICE DEPT,Clinton Township,MI,,,,,,,,,,,,,,,,,,BJS,,,
DRYDEN TWP POLICE DEPT,Dryden,MI,,,,,,,,,,,,,,,,,,BJS,,,
GLADSTONE DEPT OF PUBLIC SAFETY,Gladstone,MI,,,,,,,,,,,,,,,,,,BJS,,,
GRAND RAPIDS POLICE DEPT,Grand Rapids,MI,,,,,,,,,,,,,,,,,,BJS,,,
HOWELL POLICE DEPT,Howell,MI,,,,,,,,,,,,,,,,,,BJS,,,
HURON COUNTY SHERIFFS DEPT,Bad Axe,MI,,,,,,,,,,,,,,,,,,BJS,,,
JONESVILLE POLICE DEPT,Jonesville,MI,,,,,,,,,,,,,,,,,,BJS,,,
LAC VIEUX DESERT TRIBAL POLICE DEPT,Watersmeet,MI,,,,,,,,,,,,,,,,,,BJS,,,
LINCOLN PARK POLICE DEPT,Lincoln Park,MI,,,,,,,,,,,,,,,,,,BJS,,,
METAMORA POLICE DEPT,Metamora,MI,,,,,,,,,,,,,,,,,,BJS,,,
ST. JOHNS POLICE DEPT,Saint Johns,MI,,,,,,,,,,,,,,,,,,BJS,,,
TAYLOR POLICE DEPT,Taylor,MI,,,,,,,,,,,,,,,,,,BJS,,,
TUSCOLA COUNTY SHERIFFS DEPT,Caro,MI,,,,,,,,,,,,,,,,,,BJS,,,
Saginaw Police Department,Saginaw,MI,2/1/2015,2015,ACTIVE,,,22,,,Taser International,,,,"$4,045.86",Department money to purchase 10 additional cameras in March 2016. Federal grant money used to purchase 12 cameras initially.,http://www.mlive.com/news/saginaw/index.ssf/2016/03/saginaw_to_equip_all_city_poli.html,,,News reports,Rachel Alexander,"Purchased 12 cameras for initial pilot, the 10 additional in March 2016.",
Kalamazoo Police Department,Kalamazoo,MI,3/1/2016,,PROPOSED,,,,,,,,,,,,http://wwmt.com/news/local/kalamazoo-public-safety-seeks-input-on-body-camera-policy,,,News reports,Rachel Alexander,Seeking public input on policy. Deployment scheduled for later in 2016.,
BAGLEY POLICE DEPT,Bagley,MN,,,,,,,,,,,,,,,,,,BJS,,,
BREEZY POINT POLICE DEPT,Breezy Point,MN,,,,,,,,,,,,,,,,,,BJS,,,
BURNSVILLE POLICE DEPT,Burnsville,MN,,,,,,,,,,,,,,,,,,BJS,,,
CALEDONIA POLICE DEPT,Caledonia,MN,,,,,,,,,,,,,,,,,,BJS,,,
CASS COUNTY SHERIFFS OFFICE,Walker,MN,,,,,,,,,,,,,,,,,,BJS,,,
DULUTH POLICE DEPT,Duluth,MN,,,,,,,,,,,,,,,,,,BJS,,,
EVELETH POLICE DEPT,Eveleth,MN,,,,,,,,,,,,,,,,,,BJS,,,
FULDA POLICE DEPT,Fulda,MN,,,,,,,,,,,,,,,,,,BJS,,,
MONTEVIDEO POLICE DEPT,Montevideo,MN,,,,,,,,,,,,,,,,,,BJS,,,
PERHAM POLICE DEPT,Perham,MN,,,,,,,,,,,,,,,,,,BJS,,,
RAMSEY COUNTY SHERIFFS DEPT,Saint Paul,MN,,,,,,,,,,,,,,,,,,BJS,,,
YELLOW MEDICINE COUNTY SHERIFFS OFFICE,Granite Falls,MN,,,,,,,,,,,,,,,,,,BJS,,,
Minneapolis Police Department,Minneapolis,MN,2/1/2016,,PROPOSED,,,,,,Taser International,,,,$4 million,"Includes 587 cameras, 300 Tasers. Program projected to cost $1.6 million in first year, $600,000 of which from federal grants. Projected to cost $1.2 million per year thereafter.",http://www.startribune.com/minneapolis-council-committee-approves-4-million-contract-for-police-body-cameras/369169941/,http://www.mprnews.org/story/2016/03/09/mpls-police-oversight-commission-criticizes-body-cam-policy,,News reports,Rachel Alexander,,
Hastings Police Department,Hastings,MN,2015,1/1/2016,PILOT,,,8,8,,,Y,,,"$12,000",Estimated cost for full deployment,http://www.hastingsstargazette.com/news/government/3929772-hastings-police-launch-body-camera-pilot-program,,,News reports,Rachel Alexander,,
Mountain Lake,Mountain Lake,MN,fall 2015,,PROPOSED,,,1,,No policy yet,,,,,$150,For one camera,http://www.mtlakenews.com/news-2/,,,News reports,Rachel Alexander,,
CARROLLTON POLICE DEPT,Carrollton,MO,,,,,,,,,,,,,,,,,,BJS,,,
CENTRALIA POLICE DEPT,Centralia,MO,,,,,,,,,,,,,,,,,,BJS,,,
CHILLICOTHE POLICE DEPT,Chillicothe,MO,,,,,,,,,,,,,,,,,,BJS,,,
COLUMBIA POLICE DEPT,Columbia,MO,,,,,,,,,,,,,,,,,,BJS,,,
DONIPHAN POLICE DEPT,Doniphan,MO,,,,,,,,,,,,,,,,,,BJS,,,
DOUGLAS COUNTY SHERIFFS DEPT,Ava,MO,,,,,,,,,,,,,,,,,,BJS,,,
FRANKLIN COUNTY SHERIFFS DEPT,Union,MO,,,,,,,,,,,,,,,,,,BJS,,,
GLADSTONE POLICE DEPT,Gladstone,MO,,,,,,,,,,,,,,,,,,BJS,,,
GRANDVIEW POLICE DEPT,Grandview,MO,,,,,,,,,,,,,,,,,,BJS,,,
KEARNEY POLICE DEPT,Kearney,MO,,,,,,,,,,,,,,,,,,BJS,,,
LADUE POLICE DEPT,Saint Louis,MO,,,,,,,,,,,,,,,,,,BJS,,,
LAKE OZARK POLICE DEPT,Lake Ozark,MO,,,,,,,,,,,,,,,,,,BJS,,,
LEXINGTON POLICE DEPT,Lexington,MO,,,,,,,,,,,,,,,,,,BJS,,,
PHELPS COUNTY SHERIFFS DEPT,Rolla,MO,,,,,,,,,,,,,,,,,,BJS,,,
PULASKI COUNTY SHERIFFS DEPT,Waynesville,MO,,,,,,,,,,,,,,,,,,BJS,,,
ST. JOSEPH POLICE DEPT,Saint Joseph,MO,,,,,,,,,,,,,,,,,,BJS,,,
ST. LOUIS METROPOLITAN POLICE DEPT,St. Louis,MO,,,,,,,,,,,,,,,,,,BJS,,,
WEATHERBY LAKE POLICE DEPT,Weatherby Lake,MO,,,,,,,,,,,,,,,,,,BJS,,,
WILLOW SPRINGS POLICE DEPT,Willow Springs,MO,,,,,,,,,,,,,,,,,,BJS,,,
Calverton Park  Police Department,Calverton Park,MO,,,PROPOSED,,,,,,,,,,,,,,,http://www.bodycameradonations.com/agencies/,Rachel Alexander,Seeking donations to fund program,
Foley Police Department,Foley,MO,,,PROPOSED,,,,,,,,,,,,,,,http://www.bodycameradonations.com/agencies/,Rachel Alexander,Seeking donations to fund program,
Howell County Sheriff's Office,West Plains,MO,,,PROPOSED,,,,,,,,,,,,,,,http://www.bodycameradonations.com/agencies/,Rachel Alexander,Seeking donations to fund program,
St. Louis Community College Police Department,St. Louis,MO,,,PROPOSED,,,,,,,,,,,,,,,http://www.bodycameradonations.com/agencies/,Rachel Alexander,Seeking donations to fund program,
Deslodge Police Department,Deslodge,MO,,,PROPOSED,,,,,,,,,,,,http://www.kfvs12.com/story/31444523/desloge-police-department-asks-for-body-camera-donations,http://dailyjournalonline.com/desloge/news/desloge-police-looking-for-help-with-body-cameras/article_9350f153-0a83-5550-89d0-b08a4a01ef6b.html,,News reports,Rachel Alexander,Seeking donations for program,
St. Louis Police Department,St. Louis,MO,12/1/2015,,PILOT,,,,,,,,,,,,http://www.stltoday.com/news/local/crime-and-courts/st-louis-police-seek-public-input-on-body-cameras/article_13867fd1-8d8f-547b-91d6-83fd826720be.html,https://slmpd-my.sharepoint.com/personal/lkfreeman_slmpd_org/_layouts/15/WopiFrame.aspx?guestaccesstoken=ErL%2bNlbVlJTVFmOns%2fP4h4C%2fqB1w%2bDtdwUa6qkYdlNM%3d&docid=1_1dd43bc60c8ad432a94c30732c734f5d4&wdFormId=%7B55E0EEB8-B11F-45F6-B873-AD77841044D2%7D&action=formsubmit,,News reports,Rachel Alexander,,
BILOXI POLICE DEPT,Biloxi,MS,,,,,,,,,,,,,,,,,,BJS,,,
GULFPORT POLICE DEPT,Gulfport,MS,,,,,,,,,,,,,,,,,,BJS,,,
HANCOCK COUNTY SHERIFFS DEPT,Bay St.Louis,MS,,,,,,,,,,,,,,,,,,BJS,,,
IUKA POLICE DEPT,Iuka,MS,,,,,,,,,,,,,,,,,,BJS,,,
LAMAR COUNTY SHERIFFS DEPT,Purvis,MS,,,,,,,,,,,,,,,,,,BJS,,,
OCEAN SPRINGS POLICE DEPT,Ocean Springs,MS,,,,,,,,,,,,,,,,,,BJS,,,
PERRY COUNTY SHERIFFS DEPT,New Augusta,MS,,,,,,,,,,,,,,,,,,BJS,,,
PETAL POLICE DEPT,Petal,MS,,,,,,,,,,,,,,,,,,BJS,,,
ROLLING FORK POLICE DEPT,Rolling Fork,MS,,,,,,,,,,,,,,,,,,BJS,,,
SOUTHAVEN POLICE DEPT,Southaven,MS,,,,,,,,,,,,,,,,,,BJS,,,
TUNICA POLICE DEPT,Tunica,MS,,,,,,,,,,,,,,,,,,BJS,,,
UNION POLICE DEPT,Union,MS,,,,,,,,,,,,,,,,,,BJS,,,
Flowood Police Department,Flowood,MS,,,PROPOSED,,,,,,,,,,,,,,,http://www.bodycameradonations.com/agencies/,Rachel Alexander,Seeking donations to fund program,
Grenada Police Department,Grenada,MS,,,PROPOSED,,,,,,,,,,,,,,,http://www.bodycameradonations.com/agencies/,Rachel Alexander,Seeking donations to fund program,
Vicksburg Police Department,Vicksburg,MS,7/1/2015,2/1/2016,ACTIVE,,,81,,,,,,,"$62,980",Cost for all cameras. Purchased with drug seizure money.,http://www.vicksburgpost.com/2016/01/24/vpd-ready-to-use-body-cameras/,,,News reports,Rachel Alexander,,
BILLINGS POLICE DEPT,Billings,MT,,,,,,,,,,,,,,,,,,BJS,,,
CARBON COUNTY SHERIFFS OFFICE,Red Lodge,MT,,,,,,,,,,,,,,,,,,BJS,,,
FALLON COUNTY SHERIFFS OFFICE,Baker,MT,,,,,,,,,,,,,,,,,,BJS,,,
FLATHEAD COUNTY SHERIFFS OFFICE,Kalispell,MT,,,,,,,,,,,,,,,,,,BJS,,,
MILES CITY POLICE DEPT,Miles City,MT,,,,,,,,,,,,,,,,,,BJS,,,
Montana Highway Patrol,Helena,MT,,,,,,,,,,,,,,,,,,BJS,,,
SWEET GRASS COUNTY SHERIFFS DEPT,Big Timber,MT,,,,,,,,,,,,,,,,,,BJS,,,
WHEATLAND COUNTY SHERIFFS DEPT,Harlowton,MT,,,,,,,,,,,,,,,,,,BJS,,,
ALBEMARLE POLICE DEPT,Albemarle,NC,,,,,,,,,,,,,,,,,,BJS,,,
ASHEVILLE POLICE DEPT,Asheville,NC,,,PROPOSED,,,,,,,U,"State law generally considers digital records ""investigatory,"" but some groups have argued body camera videos are discloseable because they're not specifically mentioned as an exemption.",,,,http://www.citizen-times.com/story/news/local/2016/01/25/apd-moves-forward-body-camera-plan/79305260/,,,BJS,,,
CALDWELL COUNTY SHERIFFS DEPT,Lenoir,NC,,,,,,,,,,,,,,,,,,BJS,,,
CAROLINA BEACH POLICE DEPT,Carolina Beach,NC,,,,,,,,,,,,,,,,,,BJS,,,
CARY POLICE DEPT,Cary,NC,,,,,,,,,,,,,,,,,,BJS,,,
CUMBERLAND COUNTY SHERIFFS OFFICE,Fayetteville,NC,,,,,,,,,,,,,,,,,,BJS,,,
DAVIDSON COUNTY SHERIFFS OFFICE,Lexington,NC,,,,,,,,,,,,,,,,,,BJS,,,
FORSYTH COUNTY SHERIFFS OFFICE,Winston Salem,NC,,,,,,,,,,,,,,,,,,BJS,,,
GRAHAM COUNTY SHERIFFS DEPT,Robbinsville,NC,,,,,,,,,,,,,,,,,,BJS,,,
GRANITE QUARRY POLICE DEPT,Granite Quarry,NC,,,,,,,,,,,,,,,,,,BJS,,,
GRANVILLE COUNTY SHERIFFS DEPT,Oxford,NC,,,,,,,,,,,,,,,,,,BJS,,,
GREENVILLE POLICE DEPT,Greenville,NC,,,,,,,,,,,,,,,,,,BJS,,,
HARNETT COUNTY SHERIFFS OFFICE,Lillington,NC,,,,,,,,,,,,,,,,,,BJS,,,
HENDERSON COUNTY SHERIFFS OFFICE,Hendersonville,NC,,,,,,,,,,,,,,,,,,BJS,,,
HIGH POINT POLICE DEPT,High Point,NC,,,,,,,,,,,,,,,,,,BJS,,,
HOPE MILLS POLICE DEPT,Hope Mills,NC,,,,,,,,,,,,,,,,,,BJS,,,
IREDELL COUNTY SHERIFFS DEPT,Statesville,NC,,,,,,,,,,,,,,,,,,BJS,,,
JACKSONVILLE POLICE DEPT,Jacksonville,NC,,,,,,,,,,,,,,,,,,BJS,,,
JONES COUNTY SHERIFFS DEPT,Trenton,NC,,,,,,,,,,,,,,,,,,BJS,,,
LEXINGTON POLICE DEPT,Lexington,NC,,,,,,,,,,,,,,,,,,BJS,,,
PASQUOTANK COUNTY SHERIFFS DEPT,Elizabeth City,NC,,,,,,,,,,,,,,,,,,BJS,,,
RIVER BEND POLICE DEPT,River Bend,NC,,,,,,,,,,,,,,,,,,BJS,,,
SCOTLAND NECK POLICE DEPT,Scotland Neck,NC,,,,,,,,,,,,,,,,,,BJS,,,
TRANSYLVANIA COUNTY SHERIFFS DEPT,Brevard,NC,,,,,,,,,,,,,,,,,,BJS,,,
WARSAW POLICE DEPT,Warsaw,NC,,,,,,,,,,,,,,,,,,BJS,,,
WILMINGTON POLICE DEPT,Wilmington,NC,,,,,,,,,,,,,,,,,,BJS,,,
WINSTON-SALEM POLICE DEPT,Winston Salem,NC,,,,,,,,,,,,,,,,,,BJS,,,
WINTERVILLE POLICE DEPT,Winterville,NC,,,,,,,,,,,,,,,,,,BJS,,,
YADKINVILLE POLICE DEPT,Yadkinville,NC,,,,,,,,,,,,,,,,,,BJS,,,
Norlina Police Department,Norlina,NC,,,PROPOSED,,,,,,,,,,,,,,,http://www.bodycameradonations.com/agencies/,Rachel Alexander,Seeking donations to fund program,
Spring Hope Police Department,Spring Hope,NC,,,PROPOSED,,,,,,,,,,,,,,,http://www.bodycameradonations.com/agencies/,Rachel Alexander,Seeking donations to fund program,
Weldon Police Department,Weldon,NC,,,PROPOSED,,,,,,,,,,,,,,,http://www.bodycameradonations.com/agencies/,Rachel Alexander,Seeking donations to fund program,
Charlotte-Mecklenburg Police Department,Charlotte,NC,,4/1/2015,ACTIVE,,,1400,1200,Charlotte,Taser International,Chief is not releasing footage.,,,$5.5 million,"Five-year contract for cameras, maintenance, licensing and storage.",http://www.charlotteobserver.com/news/local/crime/article35451150.html,http://www.charlotteobserver.com/news/local/article66037137.html,http://www.newsobserver.com/opinion/editorials/article66744722.html,News reports,Rachel Alexander,,
Greensboro Police Department,Greensboro,NC,2013?,2013?,ACTIVE,,,,,,,N,"Considered part of officer's personnel record per state law and can't be released, officials say.",,,,http://www.greensboro.com/news/greensboro-city-council-to-talk-police-body-cameras-at-retreat/article_dabfb0de-b756-5af6-aeff-b2d94974fddf.html,,,News reports,Rachel Alexander,,
Pine Knoll Shores Police Department,Pine Knoll Shores,NC,,1/1/2016,ACTIVE,,,7,7,,,,,,"$3,200",Seven cameras and an external hard drive to download data. Cameras were $250 each.,http://www.carolinacoastonline.com/news_times/article_6d19cb62-c69d-11e5-9944-13a9d29fe275.html,,,News reports,Rachel Alexander,,
Durham Police Department,Durham,NC,12/1/2015,,PROPOSED,,,,,,,,,,,,http://www.wral.com/durham-officials-residents-still-have-questions-about-police-body-cameras/15393309/,,,News reports,Rachel Alexander,,
Raleigh Police Department,Raleigh,NC,3/1/2016,,PROPOSED,,,,,,,,,,,,http://abc11.com/news/raleigh-to-move-forward-with-police-body-camera-study/1246735/,,,News reports,Rachel Alexander,Supplier based on photo accompanying article - would be worth verifying.,
LOGAN COUNTY SHERIFFS DEPT,Napoleon,ND,,,,,,,,,,,,,,,,,,BJS,,,
RICHLAND COUNTY SHERIFFS OFFICE,Wahpeton,ND,,,,,,,,,,,,,,,,,,BJS,,,
WATFORD CITY POLICE DEPT,Watford City,ND,,,,,,,,,,,,,,,,,,BJS,,,
BELLEVUE POLICE DEPT,Bellevue,NE,,,,,,,,,,,,,,,,,,BJS,,,
BRIDGEPORT POLICE DEPT,Bridgeport,NE,,,,,,,,,,,,,,,,,,BJS,,,
CHASE COUNTY SHERIFFS DEPT,Imperial,NE,,,,,,,,,,,,,,,,,,BJS,,,
DAWSON COUNTY SHERIFFS OFFICE,Lexington,NE,,,,,,,,,,,,,,,,,,BJS,,,
FAIRMONT POLICE DEPT,Fairmont,NE,,,,,,,,,,,,,,,,,,BJS,,,
FILLMORE COUNTY SHERIFFS DEPT,Geneva,NE,,,,,,,,,,,,,,,,,,BJS,,,
KNOX COUNTY SHERIFFS DEPT,Center,NE,,,,,,,,,,,,,,,,,,BJS,,,
LINCOLN POLICE DEPT,Lincoln,NE,,,,,,,,,,,,,,,,,,BJS,,,
MADISON POLICE DEPT,Madison,NE,,,,,,,,,,,,,,,,,,BJS,,,
MITCHELL POLICE DEPT,Mitchell,NE,,,,,,,,,,,,,,,,,,BJS,,,
OGALLALA POLICE DEPT,Ogallala,NE,,,,,,,,,,,,,,,,,,BJS,,,
SEWARD POLICE DEPT,Seward,NE,,,,,,,,,,,,,,,,,,BJS,,,
WEBSTER COUNTY SHERIFFS DEPT,Red Cloud,NE,,,,,,,,,,,,,,,,,,BJS,,,
ROCHESTER POLICE DEPT,Rochester,NH,,,,,,,,,,,,,,,,,,BJS,,,
Richmond Police Department,Richmond,NH,,,PROPOSED,,,,,,,,,,,,,,,http://www.bodycameradonations.com/agencies/,Rachel Alexander,Seeking donations to fund program,
BOONTON POLICE DEPT,Boonton,NJ,,,,,,,,,,,,,,,,,,BJS,,,
CHESTERFIELD TWP POLICE DEPT,Chesterfield,NJ,,,,,,,,,,,,,,,,,,BJS,,,
FAR HILLS BORO POLICE DEPT,Far Hills,NJ,,,,,,,,,,,,,,,,,,BJS,,,
GLOUCESTER TWP POLICE DEPT,Blackwood,NJ,,,,,,,,,,,,,,,,,,BJS,,,
LONG BRANCH (CITY) PUB SFTY DEPT,Long Branch,NJ,,,,,,,,,,,,,,,,,,BJS,,,
RAHWAY POLICE DEPT,Rahway,NJ,,,,,,,,,,,,,,,,,,BJS,,,
Trenton Police Department,Trenton,NJ,2/1/2016,,PROPOSED,,,150,,,Taser International,,,,"$234,786","$103,279 of total comes from federal grant money",http://www.nj.com/mercer/index.ssf/2016/02/trenton_council_to_vote_on_buying_150_police_body.html,,,News reports,Rachel Alexander,,
Caldwell Police Department,Caldwell,NJ,1/1/2016,7/1/2016,PROPOSED,,,10,,,,,,,,,http://www.newjerseyhills.com/the_progress/news/police-body-cameras-coming-to-caldwell-essex-fells/article_baf34c8c-3690-5152-af75-90e00b5eca0f.html,,,News reports,Rachel Alexander,,
Essex Falls Police Department,Essex Falls,NJ,1/1/2016,7/1/2016,PROPOSED,,,6,,,,,,,,,http://www.newjerseyhills.com/the_progress/news/police-body-cameras-coming-to-caldwell-essex-fells/article_baf34c8c-3690-5152-af75-90e00b5eca0f.html,,,News reports,Rachel Alexander,,
New Jersey State Police,Trenton,NJ,7/1/2015,,,,,1000,,,,,,,$1.5 million,Estimated cost for total program,http://www.newjerseyhills.com/the_progress/news/police-body-cameras-coming-to-caldwell-essex-fells/article_baf34c8c-3690-5152-af75-90e00b5eca0f.html,,,News reports,Rachel Alexander,,
Newton Police Department,Newton,NJ,,3/1/2016,ACTIVE,,,25,,,L3 Mobile-Vision,,,,"$30,000","Approximate cost for initial cameras. Offset by $4,245 grant from city insurer and $11,000 grand from New Jersey Department of Law and Public Safety.",,,,News reports,Rachel Alexander,,
Camden County Police Department,Camden,NJ,,,PILOT,,,325,20,,,,,,"$391,145","Includes initial purchase of 325 cameras, plus software for operating and storing footage.",http://www.philly.com/philly/news/new_jersey/20160314_Camden_police_ask_residents_to_help_set_body-camera_rules.html,http://philadelphia.cbslocal.com/2016/03/20/camden-county-cops-look-into-body-cameras/,,News reports,Rachel Alexander,,
Pompton Lakes Police Department,Pompton Lakes,NJ,,1/1/2016,ACTIVE,,,,,,,,,,,,http://www.northjersey.com/community-news/2.4225/starting-today-officers-equipped-with-body-cameras-1.1503090,,,News reports,Rachel Alexander,,
Haverhill Police Department,Haverhill,NJ,,,ACTIVE,,,,,,Taser International,,,,,,http://www.unionleader.com/North-Country-police-departments-increasingly-using-body-worn-cameras,,,News reports,Rachel Alexander,,
Lincoln Police Department,Lincoln,NJ,,,PROPOSED,,,,,,,,,,,,http://www.unionleader.com/North-Country-police-departments-increasingly-using-body-worn-cameras,,,News reports,Rachel Alexander,,
ALBUQUERQUE POLICE DEPT,Albuquerque,NM,,,,,,,,,,,,,,,,,,BJS,,,
BERNALILLO COUNTY SHERIFFS DEPT,Albuquerque,NM,,,,,,,,,,,,,,,,,,BJS,,,
CLAYTON POLICE DEPT,Clayton,NM,,,,,,,,,,,,,,,,,,BJS,,,
DE BACA COUNTY SHERIFFS DEPT,Fort Sumner,NM,,,,,,,,,,,,,,,,,,BJS,,,
FARMINGTON POLICE DEPT,Farmington,NM,,,,,,,,,,,,,,,,,,BJS,,,
GRANT COUNTY SHERIFFS DEPT,Silver City,NM,,,,,,,,,,,,,,,,,,BJS,,,
GRANTS POLICE DEPT,Grants,NM,,,,,,,,,,,,,,,,,,BJS,,,
LAS CRUCES POLICE DEPT,Las Cruces,NM,,,,,,,,,,,,,,,,,,BJS,,,
MORA COUNTY SHERIFFS DEPT,Mora,NM,,,,,,,,,,,,,,,,,,BJS,,,
New Mexico State Police,Santa Fe,NM,,,,,,,,,,,,,,,,,,BJS,,,
PORTALES POLICE DEPT,Portales,NM,,,,,,,,,,,,,,,,,,BJS,,,
QUESTA POLICE DEPT,Questa,NM,,,,,,,,,,,,,,,,,,BJS,,,
RIO RANCHO DEPT OF PUBLIC SFTY,Rio Rancho,NM,,,,,,,,,,,,,,,,,,BJS,,,
SAN JUAN COUNTY SHERIFFS DEPT,Aztec,NM,,,,,,,,,,,,,,,,,,BJS,,,
SANTA ANA TRIBAL POLICE DEPT,Bernalillo,NM,,,,,,,,,,,,,,,,,,BJS,,,
SIERRA COUNTY SHERIFFS OFFICE,Truth or Consequences,NM,,,,,,,,,,,,,,,,,,BJS,,,
SUNLAND PARK POLICE DEPT,Sunland Park,NM,,,,,,,,,,,,,,,,,,BJS,,,
TRUTH OR CONSEQUENCES POLICE DEPT,Truth or Consequences,NM,,,,,,,,,,,,,,,,,,BJS,,,
VALENCIA COUNTY SHERIFFS DEPT,Los Lunas,NM,,,,,,,,,,,,,,,,,,BJS,,,
Los Lunas Police Department,Los Lunas,NM,,,PROPOSED,,,,,,,,,,,,,,,http://www.bodycameradonations.com/agencies/,Rachel Alexander,Seeking donations to fund program,
Carlsbad Police Department,Carlsbad,NM,,,PILOT,,,,6,,Taser International,,,,"$212,300","Cost for first year, including hardware and storage. Projected to cost $123,150 in subsequent years.",http://www.cbs8.com/story/31345872/carlsbad-pd-begins-body-camera-trial,,,News reports,Rachel Alexander,"Following pilot, will consider buying cameras for 115 sworn officers and 11 community service officers.",
DOUGLAS COUNTY SHERIFFS DEPT,Minden,NV,,,,,,,,,,,,,,,,,,BJS,,,
ELKO POLICE DEPT,Elko,NV,,,,,,,,,,,,,,,,,,BJS,,,
RENO-SPARKS TRIBAL POLICE DEPT,Reno,NV,,,,,,,,,,,,,,,,,,BJS,,,
YERINGTON PAIUTE TRIBAL POLICE DEPT,Yerington,NV,,,,,,,,,,,,,,,,,,BJS,,,
ARCADE (VLG) POLICE DEPT,Arcade,NY,,,,,,,,,,,,,,,,,,BJS,,,
ATTICA (VLG) POLICE DEPT,Attica,NY,,,,,,,,,,,,,,,,,,BJS,,,
ESSEX COUNTY SHERIFFS DEPT,Lewis,NY,,,,,,,,,,,,,,,,,,BJS,,,
LIVINGSTON COUNTY SHERIFFS DEPT,Geneseo,NY,,,,,,,,,,,,,,,,,,BJS,,,
MONTGOMERY (TOWN) POLICE DEPT,Montgomery,NY,,,,,,,,,,,,,,,,,,BJS,,,
New York State Police,Albany,NY,,,,,,,,,,,,,,,,,,BJS,,,
NIAGARA COUNTY SHERIFFS OFFICE,Lockport,NY,,,,,,,,,,,,,,,,,,BJS,,,
NIAGARA FALLS (CITY) POLICE DEPT,Niagara Falls,NY,,,,,,,,,,,,,,,,,,BJS,,,
PERRY (VLG) POLICE DEPT,Perry,NY,,,,,,,,,,,,,,,,,,BJS,,,
VESTAL (TOWN) POLICE DEPT,Vestal,NY,,,,,,,,,,,,,,,,,,BJS,,,
WHITE PLAINS (CITY) POLICE DEPT,White Plains,NY,,,,,,,,,,,,,,,,,,BJS,,,
New York City Police Department,New York,NY,,,,34500,,54,,New York City,,,,,,,,,,Campaign Zero,Rachel Alexander,,
Caton Town Constables,Corning,NY,,,PROPOSED,,,,,,,,,,,,,,,http://www.bodycameradonations.com/agencies/,Rachel Alexander,Seeking donations to fund program,
Town of Skaneateles Constabulary,Skaneateles,NY,,,PROPOSED,,,,,,,,,,,,,,,http://www.bodycameradonations.com/agencies/,Rachel Alexander,Seeking donations to fund program,
Rochester Police Department,Rochester,NY,,,PROPOSED,,,500 purchased,,,Municipal Emergency Services Inc.,,,,"$856,300",,http://13wham.com/news/top-stories/vendor-chosen-for-rpd-body-camera-program-01-20-2016,,,News reports,Rachel Alexander,,
Kingston Police Department,Kingston,NY,3/1/2016,,PROPOSED,,,,,,,,,,,,http://www.midhudsonnews.com/News/2016/March/10/King_bodycam_pilot-10Mar16.html,,,News reports,Rachel Alexander,,
Albany Police Department,Albany,NY,2/1/2016,,PROPOSED,,,,,,,,,,,,http://www.timesunion.com/local/article/Albany-police-chief-to-talk-body-cams-on-Tuesday-6848533.php,,,News reports,,,
ASHLAND COUNTY SHERIFFS OFFICE,Ashland,OH,,,,,,,,,,,,,,,,,,BJS,,,
ATHENS COUNTY SHERIFFS OFFICE,Athens,OH,,,,,,,,,,,,,,,,,,BJS,,,
AVON LAKE POLICE DEPT,Avon Lake,OH,,,,,,,,,,,,,,,,,,BJS,,,
CARROLL POLICE DEPT,Oak Harbor,OH,,,,,,,,,,,,,,,,,,BJS,,,
CLARK COUNTY SHERIFFS OFFICE,Springfield,OH,,,,,,,,,,,,,,,,,,BJS,,,
COLDWATER POLICE DEPT,Coldwater,OH,,,,,,,,,,,,,,,,,,BJS,,,
EUCLID POLICE DEPT,Euclid,OH,,,,,,,,,,,,,,,,,,BJS,,,
FAIRFIELD COUNTY SHERIFFS OFFICE,Lancaster,OH,,,,,,,,,,,,,,,,,,BJS,,,
HIGHLAND HILLS POLICE DEPT,Highland Hills,OH,,,,,,,,,,,,,,,,,,BJS,,,
INDIAN HILL RANGERS,Indian Hill,OH,,,,,,,,,,,,,,,,,,BJS,,,
MINERVA PARK POLICE DEPT,Columbus,OH,,,,,,,,,,,,,,,,,,BJS,,,
MONROE POLICE DEPT,Monroe,OH,,,,,,,,,,,,,,,,,,BJS,,,
PEMBERVILLE POLICE DEPT,Pemberville,OH,,,,,,,,,,,,,,,,,,BJS,,,
PERRY POLICE DEPT,Perry,OH,,,,,,,,,,,,,,,,,,BJS,,,
PIKETON POLICE DEPT,Piketon,OH,,,,,,,,,,,,,,,,,,BJS,,,
ROCKFORD POLICE DEPT,Rockford,OH,,,,,,,,,,,,,,,,,,BJS,,,
SHEFFIELD VILLAGE POLICE DEPT,Sheffield Village,OH,,,,,,,,,,,,,,,,,,BJS,,,
SHELBY POLICE DEPT,Shelby,OH,,,,,,,,,,,,,,,,,,BJS,,,
SILVERTON POLICE DEPT,Silverton,OH,,,,,,,,,,,,,,,,,,BJS,,,
SUMMIT COUNTY SHERIFFS OFFICE,Akron,OH,,,,,,,,,,,,,,,,,,BJS,,,
TOLEDO POLICE DEPT,Toledo,OH,,,,,,,,,,,,,,,,,,BJS,,,
UNION CITY POLICE DEPT,Union City,OH,,,,,,,,,,,,,,,,,,BJS,,,
VERMILION POLICE DEPT,Vermilion,OH,,,,,,,,,,,,,,,,,,BJS,,,
WILLIAMSBURG POLICE DEPT,Williamsburg,OH,,,,,,,,,,,,,,,,,,BJS,,,
Cincinnati Police Department,Cincinnati,OH,1/1/2016,,PROPOSED,,,,,,,,,,$1.6 million,Estimate for cameras,http://www.newsrecord.org/news/cincinnati-police-to-purchase-body-cams/article_82ac1b1a-c2e2-11e5-b55d-bfaac9128d0c.html,,,News reports,Rachel Alexander,,
Beachwood Police Department,Beachwood,OH,2/1/2016,,PROPOSED,,,55,,,,,,,"$208,961",All funds from seizure money.,http://www.cleveland.com/beachwood/index.ssf/2016/02/beachwood_buying_high-tech_bod.html,,,News reports,Rachel Alexander,,
University of Cincinnati Police Department,Cincinnati,OH,,10/1/2014,,,,,,,,,,,,,http://www.newsrecord.org/news/cincinnati-police-to-purchase-body-cams/article_82ac1b1a-c2e2-11e5-b55d-bfaac9128d0c.html,,,News reports,,,
BLANCHARD POLICE DEPT,Blanchard,OK,,,,,,,,,,,,,,,,,,BJS,,,
COMANCHE TRIBAL POLICE DEPT,Lawton,OK,,,,,,,,,,,,,,,,,,BJS,,,
CREEK COUNTY SHERIFFS DEPT,Sapulpa,OK,,,,,,,,,,,,,,,,,,BJS,,,
DUNCAN POLICE DEPT,Duncan,OK,,,,,,,,,,,,,,,,,,BJS,,,
LINDSAY POLICE DEPT,Lindsay,OK,,,,,,,,,,,,,,,,,,BJS,,,
MADILL POLICE DEPT,Madill,OK,,,,,,,,,,,,,,,,,,BJS,,,
MARLOW POLICE DEPT,Marlow,OK,,,,,,,,,,,,,,,,,,BJS,,,
MIDWEST CITY POLICE DEPT,Midwest City,OK,,,,,,,,,,,,,,,,,,BJS,,,
PAWNEE POLICE DEPT,Pawnee,OK,,,,,,,,,,,,,,,,,,BJS,,,
PONCA CITY POLICE DEPT,Ponca City,OK,,,,,,,,,,,,,,,,,,BJS,,,
SAND SPRINGS POLICE DEPT,Sand Springs,OK,,,,,,,,,,,,,,,,,,BJS,,,
STILLWATER POLICE DEPT,Stillwater,OK,,,,,,,,,,,,,,,,,,BJS,,,
STILWELL POLICE DEPT,Stilwell,OK,,,,,,,,,,,,,,,,,,BJS,,,
TIPTON POLICE DEPT,Tipton,OK,,,,,,,,,,,,,,,,,,BJS,,,
WEWOKA POLICE DEPT,Wewoka,OK,,,,,,,,,,,,,,,,,,BJS,,,
Achille Police Department,Achille,OK,,,PROPOSED,,,,,,,,,,,,,,,http://www.bodycameradonations.com/agencies/,Rachel Alexander,Seeking donations to fund program,
Elk City Police Department,Elk City,OK,,,PROPOSED,,,,,,,,,,,,,,,http://www.bodycameradonations.com/agencies/,Rachel Alexander,Seeking donations to fund program,
Oklahoma County Sheriff's Office,Oklahoma City,OK,,,PROPOSED,,,,,,,,,,,,,,,http://www.bodycameradonations.com/agencies/,Rachel Alexander,Seeking donations to fund program,
Oklahoma City Police Department,Oklahoma City,OK,9/1/2015,1/1/2016,PILOT,,,100,100,,WatchGuard Video,,,,"$400,000","Cost estimate for first year, including $170,000 for data storage and camera purchase, and salary for six new employees to oversee program.",http://newsok.com/article/5473994,http://newsok.com/article/5474261,,News reports,Rachel Alexander,,
LA GRANDE POLICE DEPT,LaGrande,OR,,,,,,,,,,,,,,,,,,BJS,,,
Oregon State Police,Salem,OR,,,,,,,,,,,,,,,,,,BJS,,,
PRINEVILLE POLICE DEPT,Prineville,OR,,,,,,,,,,,,,,,,,,BJS,,,
SEASIDE POLICE DEPT,Seaside,OR,,,,,,,,,,,,,,,,,,BJS,,,
TIGARD POLICE DEPT,Tigard,OR,,,,,,,,,,,,,,,,,,BJS,,,
VERNONIA POLICE DEPT,Vernonia,OR,,,,,,,,,,,,,,,,,,BJS,,,
WARRENTON POLICE DEPT,Warrenton,OR,,,,,,,,,,,,,,,,,,BJS,,,
Beaverton Police Department,Beaverton,OR,2016,,PROPOSED,,,100 purchased,,,,,,,,,http://koin.com/2016/01/19/beaverton-pd-gets-150k-grant-for-body-cams/,,,News reports,Rachel Alexander,,
Portland Police Department,Portland,OR,,,PROPOSED,,,,,,,,,,,"Police Bureau set aside $834,619 to buy about 600 cameras, but has requested $1 million in funding to cover data storage and program management costs.",http://www.oregonlive.com/portland/index.ssf/2016/03/city_budget_office_suggests_po.html,,,News reports,Rachel Alexander,Program is currently stalled over budgetary issues.,
Eugene Police Department,Eugene,OR,,,,,,,,,,,,,,,http://www.oregonlive.com/portland/index.ssf/2016/03/city_budget_office_suggests_po.html,,,News reports,Rachel Alexander,Received federal grant funding for program in 2015.,
Beaverton Police Department,Beaverton,OR,,,,,,,,,,,,,,,http://www.oregonlive.com/portland/index.ssf/2016/03/city_budget_office_suggests_po.html,,,News reports,Rachel Alexander,Received federal grant funding for program in 2015.,
BRADFORD TWP POLICE DEPT,Bradford,PA,,,,,,,,,,,,,,,,,,BJS,,,
CHAMBERSBURG POLICE DEPT,Chambersburg,PA,,,,,,,,,,,,,,,,,,BJS,,,
HAVERFORD TWP POLICE DEPT,Havertown,PA,,,,,,,,,,,,,,,,,,BJS,,,
LOWER SOUTHAMPTON TWP POLICE DEPT,Feasterville,PA,,,,,,,,,,,,,,,,,,BJS,,,
NEWBERRY TWP POLICE DEPT,Etters,PA,,,,,,,,,,,,,,,,,,BJS,,,
Pennsylvania State Police,Harrisburg,PA,,,,,,,,,,,,,,,,,,BJS,,,
PITTSBURGH BUREAU OF POLICE,Pittsburgh,PA,,,,,,,,,,,,,,,,,,BJS,,,
PLYMOUTH TWP (MONTGOMERY CO.) POLICE DEPT,Plymouth Meeting,PA,,,,,,,,,,,,,,,,,,BJS,,,
SOUTH FAYETTE TWP POLICE DEPT,Morgan,PA,,,,,,,,,,,,,,,,,,BJS,,,
SPRING CITY POLICE DEPT,Spring City,PA,,,,,,,,,,,,,,,,,,BJS,,,
ST. CLAIR BOROUGH POLICE DEPT,Saint Clair,PA,,,,,,,,,,,,,,,,,,BJS,,,
Bucks County Sheriff's Office,Doylestown,PA,1/1/2016,,PROPOSED,,,,,,,,,,,,http://www.buckscountycouriertimes.com/news/local/body-cameras-coming-to-several-bucks-county-police-departments-sheriff/article_23df1ca4-c5f8-11e5-a082-8fe0bb2c44f7.html,,,News reports,Rachel Alexander,Article mentions other PDs in the county will also get cameras.,
Northampton Police Department,Northampton,PA,2/1/2016,,PROPOSED,,,,,,,,,,,,http://www.buckscountycouriertimes.com/news/local/northampton-supervisors-approve-police-body-camera-ordinance/article_36b75940-dbdd-11e5-8b19-ab802ae33b7c.html,,,News reports,Rachel Alexander,,
Southeastern Pennsylvania Transportation Authority,Philadelphia,PA,2015,,,,,,,,,,,,,,http://thetriangle.org/news/drexel-professor-evaluates-septa-body-camera-project/,,,News reports,Rachel Alexander,Program will be studied by Drexel University.,
Gettysburg Borough Police Department,Gettysburg,PA,,,ON HOLD,,,,,,,,,,,,http://www.eveningsun.com/story/news/2016/02/24/gettysburg-puts-police-body-cams-hold/80771432/,,,News reports,Rachel Alexander,,
York City Police Department,York,PA,,,PILOT,,,,,,Digital Ally Inc.,,,,"$100,000",Grant funding from Wellspan Health,http://www.cbs8.com/story/31345872/carlsbad-pd-begins-body-camera-trial,,,News reports,Rachel Alexander,,
Philadelphia Police Department,Philadelphia,PA,,,PROPOSED,,,,,,,,,,"$705,361","Contract to pay for body cameras, upgrades and storage.",http://www.newsworks.org/index.php/local/philadelphia/91734-without-bidding-taser-gets-contract-for-phillys-next-phase-in-police-body-camera-effort,,,News reports,Rachel Alexander,,
ALLENDALE POLICE DEPT,Allendale,SC,,,,,,,,,,,,,,,,,,BJS,,,
ANDERSON POLICE DEPT,Anderson,SC,,,ACTIVE,,,,,http://media.jrn.com/documents/Anderson-body-cameras.pdf,,,,,,,http://www.independentmail.com/news/quarter-of-sc-law-enforcement-agencies-miss-body-camera-deadline-2d8c16c2-ee83-57c4-e053-0100007fec9-371404241.html,,,BJS,,,
BARNWELL POLICE DEPT,Barnwell,SC,,,,,,,,,,,,,,,,,,BJS,,,
CHESTER POLICE DEPT,Chester,SC,,,,,,,,,,,,,,,,,,BJS,,,
DORCHESTER COUNTY SHERIFFS OFFICE,Summerville,SC,,,,,,,,,,,,,,,,,,BJS,,,
DUE WEST POLICE DEPT,Due West,SC,,,,,,,,,,,,,,,,,,BJS,,,
FOUNTAIN INN POLICE DEPT,Fountain Inn,SC,,,,,,,,,,,,,,,,,,BJS,,,
GREENVILLE POLICE DEPT,Greenville,SC,,,,,,,,,,,,,,,,,,BJS,,,
GREENWOOD POLICE DEPT,Greenwood,SC,,,,,,,,,,,,,,,,,,BJS,,,
GREER POLICE DEPT,Greer,SC,,,,,,,,,,,,,,,,,,BJS,,,
HANAHAN POLICE DEPT,Hanahan,SC,,,,,,,,,,,,,,,,,,BJS,,,
HARTSVILLE POLICE DEPT,Hartsville,SC,,,,,,,,,,,,,,,,,,BJS,,,
LAURENS COUNTY SHERIFFS OFFICE,Laurens,SC,,,,,,,,,,,,,,,,,,BJS,,,
LEXINGTON POLICE DEPT,Lexington,SC,,,,,,,,,,,,,,,,,,BJS,,,
NORTH MYRTLE BEACH DPS,North Myrtle Beach,SC,,,,,,,,,,,,,,,,,,BJS,,,
PICKENS POLICE DEPT,Pickens,SC,,,,,,,,,,,,,,,,,,BJS,,,
Whitmire Police Department,Whitmire,SC,,,PROPOSED,,,,,,,,,,,,,,,http://www.bodycameradonations.com/agencies/,Rachel Alexander,Seeking donations to fund program,
Easley Police Department,Easley,SC,,,PROPOSED,,,,,,,,,,,,,,,http://www.bodycameradonations.com/agencies/,Rachel Alexander,Seeking donations to fund program,
McColl Police Department,McColl,SC,,,PROPOSED,,,,,,,,,,,,,,,http://www.bodycameradonations.com/agencies/,Rachel Alexander,Seeking donations to fund program,
Pageland Police Department,Pageland,SC,,,PROPOSED,,,,,,,,,,,,,,,http://www.bodycameradonations.com/agencies/,Rachel Alexander,Seeking donations to fund program,
North Augusta Department of Public Safety,North Augusta,SC,,,ACTIVE,,,,,,,,,,,,http://www.aikenstandard.com/article/20160308/AIK0101/160309387,,,News reports,Rachel Alexander,,
Aiken Department of Public Safety,Aiken,SC,,,PROPOSED,,,,,,,,,,,,http://www.aikenstandard.com/article/20160308/AIK0101/160309387,,,News reports,Rachel Alexander,,
Aiken County Sheriffs Office,Aiken,SC,,,PILOT,,,,,,,,,,,,http://www.aikenstandard.com/article/20160308/AIK0101/160309387,,,News reports,Rachel Alexander,,
Oconee County Sheriff's Office,Walhalla,SC,,,ACTIVE,,,,,http://media.jrn.com/documents/Oconee-body-cameras.pdf,,,,,,,http://www.independentmail.com/news/quarter-of-sc-law-enforcement-agencies-miss-body-camera-deadline-2d8c16c2-ee83-57c4-e053-0100007fec9-371404241.html,,,News reports,Rachel Alexander,,
Orangeburg Department of Public Safety,Orangeburg,SC,,3/1/2016,ACTIVE,,,77,,,,,,,,,http://thetandd.com/news/local/city-police-begin-using-body-cameras/article_fbd535e0-05b7-5ff9-9439-458d0d392d81.html,,,News reports,Rachel Alexander,,
BUTTE COUNTY SHERIFFS OFFICE,Belle Fourche,SD,,,,,,,,,,,,,,,,,,BJS,,,
HAND COUNTY SHERIFFS OFFICE,Miller,SD,,,,,,,,,,,,,,,,,,BJS,,,
OGLALA SIOUX TRIBAL DPS,Pine Ridge,SD,,,,,,,,,,,,,,,,,,BJS,,,
SANBORN COUNTY SHERIFFS OFFICE,Woonsocket,SD,,,,,,,,,,,,,,,,,,BJS,,,
Deadwood Police Department,Deadwood,SD,1/1/2016,,PROPOSED,,,16,,,,,,,"$21,336","Includes 16 cameras, other accessories. Used Equitable Sharing funds.",http://www.bhpioneer.com/deadwood/article_a663a050-c125-11e5-b2ce-3f5ca918e3e1.html,,,News reports,Rachel Alexander,,
ALGOOD POLICE DEPT,Algood,TN,,,,,,,,,,,,,,,,,,BJS,,,
ATHENS POLICE DEPT,Athens,TN,,,,,,,,,,,,,,,,,,BJS,,,
BARTLETT POLICE DEPT,Bartlett,TN,,,,,,,,,,,,,,,,,,BJS,,,
BLOUNT COUNTY SHERIFFS OFFICE,Maryville,TN,,,,,,,,,,,,,,,,,,BJS,,,
CHARLESTON POLICE DEPT,Charleston,TN,,,,,,,,,,,,,,,,,,BJS,,,
COVINGTON POLICE DEPT,Covington,TN,,,,,,,,,,,,,,,,,,BJS,,,
DICKSON COUNTY SHERIFFS DEPT,Charlotte,TN,,,,,,,,,,,,,,,,,,BJS,,,
DICKSON POLICE DEPT,Dickson,TN,,,,,,,,,,,,,,,,,,BJS,,,
DRESDEN POLICE DEPT,Dresden,TN,,,,,,,,,,,,,,,,,,BJS,,,
DYER POLICE DEPT,Dyer,TN,,,,,,,,,,,,,,,,,,BJS,,,
GALLATIN POLICE DEPT,Gallatin,TN,,,,,,,,,,,,,,,,,,BJS,,,
GRAINGER COUNTY SHERIFFS DEPT,Rutledge,TN,,,,,,,,,,,,,,,,,,BJS,,,
GREENE COUNTY SHERIFFS DEPT,Greeneville,TN,,,,,,,,,,,,,,,,,,BJS,,,
HAYWOOD COUNTY SHERIFFS DEPT,Brownsville,TN,,,,,,,,,,,,,,,,,,BJS,,,
HENDERSON COUNTY SHERIFFS DEPT,Lexington,TN,,,,,,,,,,,,,,,,,,BJS,,,
HOHENWALD POLICE DEPT,Hohenwald,TN,,,,,,,,,,,,,,,,,,BJS,,,
JOHNSON CITY POLICE DEPT,Johnson City,TN,,,,,,,,,,,,,,,,,,BJS,,,
MARSHALL COUNTY SHERIFFS DEPT,Lewisburg,TN,,,,,,,,,,,,,,,,,,BJS,,,
MONTGOMERY COUNTY SHERIFFS DEPT,Clarksville,TN,,,,,,,,,,,,,,,,,,BJS,,,
NASHVILLE METRO POLICE DEPT,Nashville,TN,,,,,,,,,,,,,,,,,,BJS,,,
NEW TAZEWELL POLICE DEPT,New Tazewell,TN,,,,,,,,,,,,,,,,,,BJS,,,
SEVIER COUNTY SHERIFFS DEPT,Sevierville,TN,,,,,,,,,,,,,,,,,,BJS,,,
SOUTH FULTON POLICE DEPT,South Fulton,TN,,,,,,,,,,,,,,,,,,BJS,,,
SULLIVAN COUNTY SHERIFFS DEPT,Blountville,TN,,,,,,,,,,,,,,,,,,BJS,,,
TIPTON COUNTY SHERIFFS DEPT,Covington,TN,,,,,,,,,,,,,,,,,,BJS,,,
WHITE COUNTY SHERIFFS DEPT,Sparta,TN,,,,,,,,,,,,,,,,,,BJS,,,
Memphis Police Department,Memphis,TN,,9/1/2015,ON HOLD,2142,,~2000,3,Memphis,,,,,,,http://www.govtech.com/public-safety/Memphis-Police-Body-Cams-Suspended-Indefinitely.html,http://www.memphisflyer.com/NewsBlog/archives/2015/09/23/memphis-police-get-body-cameras,http://www.newschannel5.com/news/state/tennessee/memphis-city-council-approves-2m-for-police-cam-expenses,Campaign Zero,Rachel Alexander,,
Baneberry Police Department,Baneberry,TN,,,PROPOSED,,,,,,,,,,,,,,,http://www.bodycameradonations.com/agencies/,Rachel Alexander,Seeking donations to fund program,
ABILENE POLICE DEPT,Abilene,TX,,,PROPOSED,,,124,,,,,Chief says they aren't planning to release footage.,,,"Received $100,000 grant from state to help with purchase.",http://www.ktxs.com/news/abilene-police-chief-details-uses-for-body-camera-video/38563654,,,News reports,Rachel Alexander,124 camera purchase is proposed. Chief said cameras should be worn by end of 2016.,
ALLEN POLICE DEPT,Allen,TX,1/1/2016,Planning August 2016,PROPOSED,,,84,,,,,,,"$52,395",Estimated cost for 84 cameras.,http://starlocalmedia.com/allenamerican/news/allen-pd-officers-to-wear-body-cameras/article_c04492cc-dcd2-11e5-8a19-0386c9281bd7.html,,,BJS,,,
AMARILLO POLICE DEPT,Amarillo,TX,,,,,,,,,,,,,,,,,,BJS,,,
ANGELINA COUNTY SHERIFFS DEPT,Lufkin,TX,,,,,,,,,,,,,,,,,,BJS,,,
ARCHER COUNTY SHERIFFS OFFICE,Archer City,TX,,,,,,,,,,,,,,,,,,BJS,,,
AUSTIN COUNTY SHERIFFS DEPT,Bellville,TX,,,,,,,,,,,,,,,,,,BJS,,,
BASTROP POLICE DEPT,Bastrop,TX,3/1/2016,,,,,25,,,,,,,"$40,000","For initial purchase of 25 cameras. $10,000 state grant, $30,000 from red light cameras.",http://www.kvue.com/news/local/bastrop-police-officers-are-getting-body-cameras/68490743,,,BJS,,,
BEEVILLE POLICE DEPT,Beeville,TX,,,,,,,,,,,,,,,,,,BJS,,,
BELL COUNTY SHERIFFS DEPT,Belton,TX,,,,,,,,,,,,,,,,,,BJS,,,
BEXAR COUNTY SHERIFFS OFFICE,San Antonio,TX,,,,,,,,,,,,,,,,,,BJS,,,
BORGER POLICE DEPT,Borger,TX,,,,,,,,,,,,,,,,,,BJS,,,
BROWNFIELD POLICE DEPT,Brownfield,TX,,,,,,,,,,,,,,,,,,BJS,,,
BRYAN POLICE DEPT,Bryan,TX,,,,,,,,,,,,,,,,,,BJS,,,
CANYON POLICE DEPT,Canyon,TX,,,,,,,,,,,,,,,,,,BJS,,,
CARROLLTON POLICE DEPT,Carrollton,TX,,,,,,,,,,,,,,,,,,BJS,,,
CHEROKEE COUNTY SHERIFFS DEPT,Rusk,TX,,,,,,,,,,,,,,,,,,BJS,,,
CLEBURNE POLICE DEPT,Cleburne,TX,,,,,,,,,,,,,,,,,,BJS,,,
COCHRAN COUNTY SHERIFFS DEPT,Morton,TX,,,,,,,,,,,,,,,,,,BJS,,,
CONROE POLICE DEPT,Conroe,TX,,,,,,,,,,,,,,,,,,BJS,,,
CRANE COUNTY SHERIFFS DEPT,Crane,TX,,,,,,,,,,,,,,,,,,BJS,,,
DALLAS COUNTY SHERIFFS DEPT,Dallas,TX,,,,,,,,,,,,,,,,,,BJS,,,
DESOTO POLICE DEPT,DeSoto,TX,,,,,,,,,,,,,,,,,,BJS,,,
DILLEY POLICE DEPT,Dilley,TX,,,,,,,,,,,,,,,,,,BJS,,,
EASTLAND POLICE DEPT,Eastland,TX,,,,,,,,,,,,,,,,,,BJS,,,
EL PASO POLICE DEPT,El Paso,TX,,,,,,,,,,,,,,,,,,BJS,,,
ELLIS COUNTY SHERIFFS OFFICE,Waxahachie,TX,,,,,,,,,,,,,,,,,,BJS,,,
FALLS COUNTY SHERIFFS DEPT,Marlin,TX,,,,,,,,,,,,,,,,,,BJS,,,
FAYETTE COUNTY SHERIFFS OFFICE,La Grange,TX,,,,,,,,,,,,,,,,,,BJS,,,
FLOYDADA POLICE DEPT,Floydada,TX,,,,,,,,,,,,,,,,,,BJS,,,
FORNEY POLICE DEPT,Forney,TX,,,,,,,,,,,,,,,,,,BJS,,,
FREER POLICE DEPT,Freer,TX,,,,,,,,,,,,,,,,,,BJS,,,
FRISCO POLICE DEPT,Frisco,TX,,,,,,,,,,,,,,,,,,BJS,,,
GALVESTON POLICE DEPT,Galveston,TX,,,,,,,,,,,,,,,,,,BJS,,,
GILLESPIE COUNTY SHERIFFS DEPT,Fredericksburg,TX,,,,,,,,,,,,,,,,,,BJS,,,
GREENVILLE POLICE DEPT,Greenville,TX,,,,,,,,,,,,,,,,,,BJS,,,
HARLINGEN POLICE DEPT,Harlingen,TX,,,,,,,,,,,,,,,,,,BJS,,,
HITCHCOCK POLICE DEPT,Hitchcock,TX,,,,,,,,,,,,,,,,,,BJS,,,
HOUSTON POLICE DEPT,Houston,TX,,,ON HOLD,,,,,,,,,,,,http://www.click2houston.com/news/community-leaders-ask-mayor-turner-for-new-body-camera-program-for-hpd,,,BJS,,"Did a pilot program in 2015, but don't appear to be active right now.",
KILLEEN POLICE DEPT,Killeen,TX,,,,,,,,,,,,,,,,,,BJS,,,
LA SALLE COUNTY SHERIFFS OFFICE,Cotulla,TX,,,,,,,,,,,,,,,,,,BJS,,,
LAGUNA VISTA POLICE DEPT,Laguna Vista,TX,,,ACTIVE,,,,,,,,,,,,http://www.valleymorningstar.com/news/local_news/article_10211796-ca24-11e5-b004-c3702e4231ba.html,,,BJS,,,
LANCASTER POLICE DEPT,Lancaster,TX,,,,,,,,,,,,,,,,,,BJS,,,
LIBERTY POLICE DEPT,Liberty,TX,,,,,,,,,,,,,,,,,,BJS,,,
MABANK POLICE DEPT,Mabank,TX,,,,,,,,,,,,,,,,,,BJS,,,
MANSFIELD POLICE DEPT,Mansfield,TX,,,,,,,,,,,,,,,,,,BJS,,,
MATAGORDA COUNTY SHERIFFS OFFICE,Bay City,TX,,,,,,,,,,,,,,,,,,BJS,,,
MCGREGOR POLICE DEPT,McGregor,TX,,,,,,,,,,,,,,,,,,BJS,,,
MCKINNEY POLICE DEPT,McKinney,TX,,,,,,,,,,,,,,,,,,BJS,,,
NORTH RICHLAND HILLS POLICE DEPT,North Richland Hills,TX,,,,,,,,,,,,,,,,,,BJS,,,
OLNEY POLICE DEPT,Olney,TX,,,PROPOSED,,,,,,,,,,,,,,,BJS,,Seeking donation to buy cameras.,
OMAHA POLICE DEPT,Omaha,TX,,,,,,,,,,,,,,,,,,BJS,,,
ORANGE POLICE DEPT,Orange,TX,,,,,,,,,,,,,,,,,,BJS,,,
OVILLA POLICE DEPT,Ovilla,TX,,,,,,,,,,,,,,,,,,BJS,,,
PARKER POLICE DEPT,Parker,TX,,,,,,,,,,,,,,,,,,BJS,,,
PILOT POINT POLICE DEPT,Pilot Point,TX,,,,,,,,,,,,,,,,,,BJS,,,
PLANO POLICE DEPT,Plano,TX,,,,,,,,,,,,,,,,,,BJS,,,
PORT ARTHUR POLICE DEPT,Port Arthur,TX,,,,,,,,,,,,,,,,,,BJS,,,
REAGAN COUNTY SHERIFFS DEPT,Big Lake,TX,,,,,,,,,,,,,,,,,,BJS,,,
ROBSTOWN POLICE DEPT,Robstown,TX,,,,,,,,,,,,,,,,,,BJS,,,
ROWLETT POLICE DEPT,Rowlett,TX,,,,,,,,,,,,,,,,,,BJS,,,
RUSK COUNTY SHERIFFS OFFICE,Henderson,TX,,,,,,,,,,,,,,,,,,BJS,,,
SCHLEICHER COUNTY SHERIFFS DEPT,Eldorado,TX,,,,,,,,,,,,,,,,,,BJS,,,
SEABROOK POLICE DEPT,Seabrook,TX,,,,,,,,,,,,,,,,,,BJS,,,
SPRINGTOWN POLICE DEPT,Springtown,TX,,,,,,,,,,,,,,,,,,BJS,,,
STAFFORD POLICE DEPT,Stafford,TX,,,,,,,,,,,,,,,,,,BJS,,,
STAMFORD POLICE DEPT,Stamford,TX,,,,,,,,,,,,,,,,,,BJS,,,
STARR COUNTY SHERIFFS DEPT,Rio Grande City,TX,,,,,,,,,,,,,,,,,,BJS,,,
TEMPLE POLICE DEPT,Temple,TX,,,,,,,,,,,,,,,,,,BJS,,,
Texas Department of Public Safety,Austin,TX,,,,,,,,,,,,,,,,,,BJS,,,
THRALL POLICE DEPT,Thrall,TX,,,,,,,,,,,,,,,,,,BJS,,,
TIKI ISLAND POLICE DEPT,Tiki Island,TX,,,,,,,,,,,,,,,,,,BJS,,,
TRAVIS COUNTY SHERIFFS OFFICE,Austin,TX,,,,,,,,,,,,,,,,,,BJS,,,
TROPHY CLUB POLICE DEPT,Trophy Club,TX,,,,,,,,,,,,,,,,,,BJS,,,
TYLER POLICE DEPT,Tyler,TX,,,,,,,,,,,,,,,,,,BJS,,,
WEBB COUNTY SHERIFFS DEPT,Laredo,TX,,,,,,,,,,,,,,,,,,BJS,,,
WEST TAWAKONI POLICE DEPT,West Tawakoni,TX,,,,,,,,,,,,,,,,,,BJS,,,
WESTOVER HILLS POLICE DEPT,Fort Worth,TX,,,,,,,,,,,,,,,,,,BJS,,,
Fort Worth Police Department,Fort Worth,TX,,,ACTIVE,,,600,,Fort Worth,,,,,,,,,,Campaign Zero,Rachel Alexander,,
Austin Police Department,Austin,TX,,,,,,20,,Austin,Taser International,,,,,,http://www.statesman.com/news/news/local/austin-police-begin-body-camera-pilot-program/nqhqy/,,,Campaign Zero,Rachel Alexander,,
Dallas Police Department,Dallas,TX,,8/1/2015,ACTIVE,,,400,200,Dallas,Taser International,,,,$3.7 million,For initial 400 cameras,http://www.dallasnews.com/news/crime/headlines/20150831-dallas-police-begin-rollout-of-body-camera-program-today.ece,http://www.dallasnews.com/news/crime/headlines/20160103-can-body-camera-boost-public-trust-in-police-study-hopes-to-find-out.ece,http://www.nbcdfw.com/news/local/Dallas-Police-Request-600-More-Body-Cams-Immediately-373191731.html,News reports,Rachel Alexander,Unclear when rollout began - Dallas Morning News stories seem to conflict. Police leadership requested faster purchase of cameras March 2016.,
Wharton Police Department,Wharton,TX,,,PROPOSED,,,,,,,,,,,,,,,http://www.bodycameradonations.com/agencies/,Rachel Alexander,Seeking donations to fund program,
Milford  Police Department,Milford,TX,,,PROPOSED,,,,,,,,,,,,,,,http://www.bodycameradonations.com/agencies/,Rachel Alexander,Seeking donations to fund program,
Abernathy Police Department,Abernathy,TX,,,PROPOSED,,,,,,,,,,,,,,,http://www.bodycameradonations.com/agencies/,Rachel Alexander,Seeking donations to fund program,
Southlake Police Department,Southlake,TX,,1/1/2016,ACTIVE,,,20,,,Watch Guard,,,,"$194,000",Includes 20 body cameras and 26 dashboard cameras,http://www.star-telegram.com/news/local/community/courier-journal/article56931008.html,,,News reports,Rachel Alexander,,
Grayson College Police Department,Denison,TX,,2/1/2016,ACTIVE,,,3,,,Watch Guard,,,,"$3,900",,http://heralddemocrat.com/news/police-reports/grayson-college-police-now-equipped-body-cameras,,,News reports,Rachel Alexander,,
San Antonio Police Department,San Antonio,TX,,2/1/2016,ACTIVE,,,,,,Taser International,,,,"$1,500 per camera",,http://www.expressnews.com/news/local/article/San-Antonio-police-to-roll-out-body-cameras-next-6836802.php,,,News reports,Rachel Alexander,,
Grayson County Sheriff's Office,Denison,TX,10/1/2015,,,,,30,,,Taser International,,,,"$12,125",,http://heralddemocrat.com/news/police-reports/grayson-college-police-now-equipped-body-cameras,,,News reports,Rachel Alexander,,
Bastrop County Sheriff's Office,Bastrop,TX,,,,,,,,,Panasonic,,,,"$65,625","Estimated initial costs, including cameras, storage and equipment. $52,500 from governor's office grant. Department's share from forfeiture funds.",http://www.statesman.com/news/news/local/bastrop-police-sheriffs-office-to-roll-out-body-ca/nqXwQ/,,,News reports,Rachel Alexander,,
Bastrop Police Department,Bastrop,TX,,,,,22,25,,,WatchGuard,,,,"$40,000",Initial camera purchase.,http://www.statesman.com/news/news/local/bastrop-police-sheriffs-office-to-roll-out-body-ca/nqXwQ/,,,News reports,Rachel Alexander,,
Tool Police Department,Tool,TX,,,ACTIVE,,,,,,,,,,,,http://www.athensreview.com/news/local_news/tool-police-officers-equipped-with-body-cameras/article_85b7d4ac-ed53-11e5-87f4-339a00814479.html,,,News reports,Rachel Alexander,,
CLEARFIELD POLICE DEPT,Clearfield,UT,,,,,,,,,,,,,,,,,,BJS,,,
CLINTON POLICE DEPT,Clinton,UT,,,,,,,,,,,,,,,,,,BJS,,,
KANE COUNTY SHERIFFS OFFICE,Kanab,UT,,,,,,,,,,,,,,,,,,BJS,,,
KAYSVILLE POLICE DEPT,Kaysville,UT,,,,,,,,,,,,,,,,,,BJS,,,
LOGAN CITY POLICE DEPT,Logan,UT,,,,,,,,,,,,,,,,,,BJS,,,
MONTICELLO POLICE DEPT,Monticello,UT,,,,,,,,,,,,,,,,,,BJS,,,
MURRAY POLICE DEPT,Murray,UT,,,,,,,,,,,,,,,,,,BJS,,,
SANTA CLARA POLICE DEPT,Santa Clara,UT,,,,,,,,,,,,,,,,,,BJS,,,
SUMMIT COUNTY SHERIFFS DEPT,Park City,UT,,,,,,,,,,,,,,,,,,BJS,,,
SUNSET POLICE DEPT,Sunset,UT,,,,,,,,,,,,,,,,,,BJS,,,
TOOELE POLICE DEPT,Tooele,UT,,,,,,,,,,,,,,,,,,BJS,,,
UINTAH COUNTY SHERIFFS DEPT,Vernal,UT,,,,,,,,,,,,,,,,,,BJS,,,
Utah Department of Public Safety,Salt Lake City,UT,,,,,,,,,,,,,,,,,,BJS,,,
WEST JORDAN POLICE DEPT,West Jordan,UT,,,,,,,,,,,,,,,,,,BJS,,,
West Valley City Police Department,West Valley City,UT,,,,,,,,,,,,,,,http://www.sltrib.com/home/3464025-155/body-cam-bill-would-create-state-standards,,,News reports,,,
Salt Lake City Police Department,Salt Lake City,UT,,,,,,,,,,,,,,,http://www.sltrib.com/home/3464025-155/body-cam-bill-would-create-state-standards,,,News reports,,,
ALBEMARLE COUNTY DEPT,Charlottesville,VA,,,,,,,,,,,,,,,,,,BJS,,,
APPALACHIA POLICE DEPT,Appalachia,VA,,,,,,,,,,,,,,,,,,BJS,,,
ARLINGTON COUNTY POLICE DEPT,Arlington,VA,,,,,,,,,,,,,,,,,,BJS,,,
BLACKSBURG POLICE DEPT,Blacksburg,VA,,,,,,,,,,,,,,,,,,BJS,,,
BLUEFIELD POLICE DEPT,Bluefield,VA,,,,,,,,,,,,,,,,,,BJS,,,
BRISTOL POLICE DEPT,Bristol,VA,,,,,,,,,,,,,,,,,,BJS,,,
CHARLOTTESVILLE POLICE DEPT,Charlottesville,VA,,,,,,,,,,,,,,,,,,BJS,,,
CHESAPEAKE POLICE DEPT,Chesapeake,VA,,,,,,,,,,,,,,,,,,BJS,,,
CHINCOTEAGUE POLICE DEPT,Chincoteague,VA,,,,,,,,,,,,,,,,,,BJS,,,
CHRISTIANSBURG POLICE DEPT,Christiansburg,VA,,,,,,,,,,,,,,,,,,BJS,,,
DANVILLE POLICE DEPT,Danville,VA,,,,,,,,,,,,,,,,,,BJS,,,
HAMPTON POLICE DIVISION,Hampton,VA,,,,,,,,,,,,,,,,,,BJS,,,
HURT POLICE DEPT,Hurt,VA,,,,,,,,,,,,,,,,,,BJS,,,
JAMES CITY COUNTY POLICE DEPT,Williamsburg,VA,,,,,,,,,,,,,,,,,,BJS,,,
LOUDOUN COUNTY SHERIFFS OFFICE,Leesburg,VA,,,,,,,,,,,,,,,,,,BJS,,,
NELSON COUNTY SHERIFFS DEPT,Lovingston,VA,,,,,,,,,,,,,,,,,,BJS,,,
PRINCE EDWARD COUNTY SHERIFFS DEPT,Farmville,VA,,,,,,,,,,,,,,,,,,BJS,,,
RADFORD DEPT OF POLICE,Radford,VA,,,,,,,,,,,,,,,,,,BJS,,,
RICHMOND POLICE DEPT,Richmond,VA,,2/1/2016,PILOT,,,200,40,,Taser International,,,,,,http://wtvr.com/2016/02/02/richmond-buys-200-police-body-cams-hopes-for-more-by-spring/,,,BJS,,,
ROANOKE (CITY) POLICE DEPT,Roanoke,VA,,,,,,,,,,,,,,,,,,BJS,,,
ROANOKE COUNTY POLICE DEPT,Roanoke,VA,,,,,,,,,,,,,,,,,,BJS,,,
SHENANDOAH COUNTY SHERIFFS DEPT,Woodstock,VA,,,,,,,,,,,,,,,,,,BJS,,,
STAFFORD COUNTY SHERIFFS OFFICE,Stafford,VA,,,,,,,,,,,,,,,,,,BJS,,,
SUFFOLK POLICE DEPT,Suffolk,VA,,,,,,,,,,,,,,,,,,BJS,,,
TAZEWELL COUNTY SHERIFFS DEPT,Tazewell,VA,,,,,,,,,,,,,,,,,,BJS,,,
WARRENTON POLICE DEPT,Warrenton,VA,,,,,,,,,,,,,,,,,,BJS,,,
Eastville Police Department,Eastville,VA,,,PROPOSED,,,,,,,,,,,,,,,http://www.bodycameradonations.com/agencies/,Rachel Alexander,Seeking donations to fund program,
Wythe County Sheriff's Office,Wytheville,VA,,,PROPOSED,,,,,,,,,,,,,,,http://www.bodycameradonations.com/agencies/,Rachel Alexander,Seeking donations to fund program,
Hillsville Police Department,Hillsville,VA,3/1/2016,,PROPOSED,,,,,,,,,,,,http://www.wdbj7.com/news/local/hillsville-police-asking-for-donations-to-purchase-body-cameras/38410254,,,News reports,Rachel Alexander,Chief seeking donations for program,
BRISTOL POLICE DEPT,Bristol,VT,,,,,,,,,,,,,,,,,,BJS,,,
ESSEX COUNTY SHERIFFS DEPT,Guildhall,VT,,,,,,,,,,,,,,,,,,BJS,,,
HARTFORD POLICE DEPT,White River Junction,VT,,,,,,,,,,,,,,,,,,BJS,,,
RANDOLPH POLICE DEPT,Randolph,VT,,,,,,,,,,,,,,,,,,BJS,,,
DES MOINES POLICE DEPT,Des Moines,WA,,,,,,,,,,Y,May be limited if body cam bill passes legislature this session.,,,,,,,BJS,,Emailed 2/29,
EATONVILLE POLICE DEPT,Eatonville,WA,,,,,,,,,,Y,May be limited if body cam bill passes legislature this session.,,,,,,,BJS,,Emailed 2/29,
QUINAULT TRIBAL POLICE DEPT,Taholah,WA,,,,,,,,,,Y,May be limited if body cam bill passes legislature this session.,,,,,,,BJS,,Left message with tribe VP 2/29,
SAUK-SUIATTLE TRIBAL POLICE DEPT,Darrington,WA,,,,,,,,,,Y,May be limited if body cam bill passes legislature this session.,,,,,,,BJS,,,
SEDRO-WOOLLEY POLICE DEPT,Sedro-Woolley,WA,,,,,,,,,,Y,May be limited if body cam bill passes legislature this session.,,,,,,,BJS,,,
TULALIP TRIBAL POLICE DEPT,Tulalip,WA,,,,,,,,,,Y,May be limited if body cam bill passes legislature this session.,,,,,,,BJS,,,
ZILLAH POLICE DEPT,Zillah,WA,,,,,,,,,,Y,May be limited if body cam bill passes legislature this session.,,,,,,,BJS,,"Tweeted Yakima Herald reporter about it, who said he's pretty sure Zillah doesn't have a program. Still need to double-check",
LINCOLN COUNTY SHERIFFS DEPT,Davenport,WA,12/1/2012,4/1/2013,ACTIVE,,,14,14,"Sheriff said based on Pexipol model policy with specific local additions. ""In short the cameras are on for all enforcement contacts ie. Traffic stops, domestic violence contacts, and generally ALL citizen contact that are or may turn into any enforcement action.  If a citizen approaches a deputy to visit or is a causal contact it is the deputies discretion and if the contact changes the camera is turned on in those cases, common sense goes a long way!""",Vie Vu,Y,May be limited if body cam bill passes legislature this session.,,"$7,000-10,000 initially","Sheriff's estimate for hardware. Estimates $1,200 annually for upkeep and replacing broken/lost hardware.",,,,Email with Sheriff Wade Magers,Rachel Alexander,,
Poulsbo Police Department,Poulsbo,WA,,6/1/2014,ACTIVE,,,,20,https://static.spokanecity.org/documents/police/accountability/bodycamera/poulsbo-body-camera-policy.pdf,Taser International,Y,May be limited if body cam bill passes legislature this session.,,"$20,045.35",Five-year Evidence.com contract. Does not include hardware or cameras.,,,,Emails with Chief Alan Townsend,Rachel Alexander,,
Airway Heights Police Department,Airway Heights,WA,,2009,ACTIVE,,16,16,16,https://static.spokanecity.org/documents/police/accountability/bodycamera/airway-heights-body-camera-policy.pdf,Vie Vu,Y,May be limited if body cam bill passes legislature this session.,,"$12,800","Estimated initial cost for cameras, plus $32,000 for three years of cloud storage starting in 2016.",,,,Interview with Chief Bennett,Rachel Alexander,Got free upgrade to new cameras in January 2016 because they were an early customer. Switched over then from a 2TB server at the PD to cloud storage.,
Bainbridge Island,Bainbridge Island,WA,2010,2011,ACTIVE,,21,21,,https://static.spokanecity.org/documents/police/accountability/bodycamera/bainbridge-island-body-camera-policy.pdf,Taser International,Y,May be limited if body cam bill passes legislature this session.,,,,,,,Interview with Chief Matthew Hamner,Rachel Alexander,"No rule about mandatory full-time use per agreement with Guild, Chief Hamner says. Waiting for body camera bill to pass to renegotiate that. Have cameras available for all officers. ""I am a strong supporter of body cams."" Emailed admin for policy.",
Spokane Police Department,Spokane,WA,9/1/2013,9/1/2014,ACTIVE,,202,220,202,https://static.spokanecity.org/documents/police/accountability/bodycamera/body-camera-policy-revised-draft-11-01-14.pdf,Taser International,Y,May be limited if body cam bill passes legislature this session.,,"$246,563.76",,http://www.spokesman.com/stories/2016/jan/13/records-advocate-wants-all-spokane-police-body-cam/,,,News reports,Rachel Alexander,,
Olympia Police Department,Olympia,WA,2011,,PROPOSED,,,,,,,Y,May be limited if body cam bill passes legislature this session.,,,,http://www.theolympian.com/news/local/article61330842.html,,,News reports,Rachel Alexander,,
Seattle Police Department,Seattle,WA,,5/1/2015,ON HOLD,,,12,,http://spdblotter.seattle.gov/wp-content/uploads/2014/12/12_17_14-Policy.pdf,"Taser International, VIEVU",Y,May be limited if body cam bill passes legislature this session.,,$0,"Loaner cameras, no cost",http://spdblotter.seattle.gov/2014/12/12/spd-answers-your-questions-on-body-cameras/,,,"News reports, interview with PIO",Rachel Alexander,Pending union negotiations.,
Liberty Lake Police Department,Liberty Lake,WA,1/1/2012,11/1/2013,ACTIVE,,10,10,10,https://static.spokanecity.org/documents/police/accountability/bodycamera/liberty-lake-body-camera-policy.pdf,Taser International,Y,May be limited if body cam bill passes legislature this session.,,"$2,990","Initial cost of $299 per camera. City will enter into 5 year contract with Taser from 2017-2021 for cloud storage and licenses, which will cost $5,379 per year.",http://www.spokesman.com/stories/2012/feb/04/police-test-drive-body-cameras/,,http://www.spokesman.com/stories/2013/nov/23/liberty-lake-city-council-police-approve-use-of/,"News reports, Police Chief Brian Asmus",Rachel Alexander,,
Pullman Police Department,Pullman,WA,,3/1/2013,ACTIVE,,22,30,22 + all detectives,https://rcfp.org/bodycam_policies/WA/Pullman_BWC_Policy.pdf,Taser International,Y,May be limited if body cam bill passes legislature this session.,,"$50,592.63",Initial contract cost for three years of storage & 25 cameras.,,,,"Talked to PIO, Cmdr. Chris Tennant",Rachel Alexander,,Spent additional money to replace cameras in 2015 and renew storage contract.
Bremerton Police Department,Bremerton,WA,,,,,,,,,,Y,May be limited if body cam bill passes legislature this session.,,,,,,,,Rachel Alexander,Emailed 2/26,
Bellingham Police Department,Bellingham,WA,,2014,ACTIVE,,,94,42,https://static.spokanecity.org/documents/police/accountability/bodycamera/bellingham-body-camera-policy.pdf,Taser International,Y,May be limited if body cam bill passes legislature this session.,,"$289,669.13","Cost of two separate contracts for a total of 94 cameras, hardware, warranties and Evidence.com storage.",http://www.cob.org/gov/dept/police/news/Pages/body-cams.aspx,,,Emails with Lt. Michael Johnston,Rachel Alexander,Remaining officers will be required to wear cameras starting July 2016. A new policy is being drafted as of mid-March,
APPLETON POLICE DEPT,Appleton,WI,,,,,,,,,,,,,,,,,,BJS,,,
BLAIR POLICE DEPT,Blair,WI,,,,,,,,,,,,,,,,,,BJS,,,
CAMPBELL POLICE DEPT,La Crosse,WI,,,,,,,,,,,,,,,,,,BJS,,,
EAST TROY POLICE DEPT,East Troy,WI,,,,,,,,,,,,,,,,,,BJS,,,
FOREST COUNTY SHERIFFS DEPT,Crandon,WI,,,,,,,,,,,,,,,,,,BJS,,,
FORT ATKINSON POLICE DEPT,Fort Atkinson,WI,,,,,,,,,,,,,,,,,,BJS,,,
FOX VALLEY METRO POLICE DEPT,Little Chute,WI,,,,,,,,,,,,,,,,,,BJS,,,
JANESVILLE POLICE DEPT,Janesville,WI,,,,,,,,,,,,,,,,,,BJS,,,
JEFFERSON POLICE DEPT,Jefferson,WI,,,,,,,,,,,,,,,,,,BJS,,,
LAC DU FLAMBEAU TRIBAL POLICE DEPT,Lac du Flambeau,WI,,,,,,,,,,,,,,,,,,BJS,,,
LADYSMITH POLICE DEPT,Ladysmith,WI,,,,,,,,,,,,,,,,,,BJS,,,
MCFARLAND POLICE DEPT,McFarland,WI,,,,,,,,,,,,,,,,,,BJS,,,
MILWAUKEE POLICE DEPT,Milwaukee,WI,,,,,,,,,,,,,,,,,,BJS,,,
OUTAGAMIE COUNTY SHERIFFS DEPT,Appleton,WI,,,,,,,,,,,,,,,,,,BJS,,,
PORT WASHINGTON POLICE DEPT,Port Washington,WI,,,,,,,,,,,,,,,,,,BJS,,,
PRINCETON POLICE DEPT,Princeton,WI,,,,,,,,,,,,,,,,,,BJS,,,
SPARTA POLICE DEPT,Sparta,WI,,,,,,,,,,,,,,,,,,BJS,,,
STEVENS POINT POLICE DEPT,Stevens Point,WI,,,,,,,,,,,,,,,,,,BJS,,,
WATERTOWN POLICE DEPT,Watertown,WI,,,,,,,,,,,,,,,,,,BJS,,,
WEST ALLIS POLICE DEPT,West Allis,WI,,,,,,,,,,,,,,,,,,BJS,,,
WHITEWATER POLICE DEPT,Whitewater,WI,,,,,,,,,,,,,,,,,,BJS,,,
WINNEBAGO COUNTY SHERIFFS DEPT,Oshkosh,WI,,,,,,,,,,,,,,,,,,BJS,,,
Wisconsin State Patrol,Madison,WI,,,,,,,,,,,,,,,,,,BJS,,,
Milwaukee Police Department,Milwaukee,WI,,10/1/2015,,1868,,200,179,Milwaukee,,,,,,,http://www.cbs58.com/story/31260543/milwaukee-police-give-update-on-body-camera-program,,,Campaign Zero,Rachel Alexander,,
Marshfield Police Department,Marshfield,WI,,,PROPOSED,,,,,,,,,,,,,,,http://www.bodycameradonations.com/agencies/,Rachel Alexander,Seeking donations to fund program,
GLEN DALE POLICE DEPT,Glen Dale,WV,,,,,,,,,,,,,,,,,,BJS,,,
MOUNDSVILLE POLICE DEPT,Moundsville,WV,,,,,,,,,,,,,,,,,,BJS,,,
NITRO POLICE DEPT,Nitro,WV,,,,,,,,,,,,,,,,,,BJS,,,
WESTOVER POLICE DEPT,Westover,WV,,,,,,,,,,,,,,,,,,BJS,,,
WHEELING POLICE DEPT,Wheeling,WV,,,,,,,,,,,,,,,,,,BJS,,,
CASPER POLICE DEPT,Casper,WY,,,,,,,,,,,,,,,,,,BJS,,,
Hot Springs County Sheriff's Office,Thermopolis,WY,,,PROPOSED,,,,,,,,,,,,,,,http://www.bodycameradonations.com/agencies/,Rachel Alexander,Seeking donations to fund program,
Somerset County Sheriff's Office,Somerset,NJ,2015,2/1/2016,ACTIVE,,,,,,,,,,,Purchased with DEA grant funds.,http://www.mycentraljersey.com/story/news/local/somerset-county/2016/02/02/somerset-county-sheriffs-officers-getting-body-cameras/79711376/,,,News reports,Rachel Alexander,,
Concord Police Department,Concord,NC,3/1/2016,3/1/2016,ACTIVE,,,55,55,,Taser International,,,,"$219,800","Cost for initial camera purchase and one year Evidence.com storage. Initial $72,000 for cameras came from asset forfeiture funds.",http://www.independenttribune.com/news/concord-police-moving-forward-on-body-camera-program--/article_46adc038-f04a-11e5-a370-ff182a935d59.html,,,News reports,Rachel Alexander,"An additional 120 officers will be outfitted by end of July 2016, chief told city council in March.",
Ashbury Park Police Department,Ashbury,NJ,3/1/2016,,PROPOSED,,55,70,,,Panasonic Arbitrator,,,,"$90,000","Cost of initial camera purchase. $35,000 was state funding; the city spent $55,000.",http://www.app.com/story/news/local/public-safety/2016/03/22/asbury-park-police-body-cameras/82123152/,,,News reports,Rachel Alexander,,
Midland Police Department,Midland,TX,3/1/2016,,PROPOSED,,,,,,,,,,,,http://www.mrt.com/opinion/our_view_editorials/article_0ce21384-f1d2-11e5-83d9-2f88ae50e3dc.html,,,,,,
Culpeper Police Department,Culpeper,VA,3/1/2016,,PROPOSED,,,,,,,,,,,,http://www.dailyprogress.com/starexponent/culpeper-police-eyeing-body-cam-program/article_2e065cc8-f146-11e5-8105-57ca04c7edc1.html,,,,,,
Butte-Silver Bow CountySheriff's Department,Butte,MT,1/1/2016,,ACTIVE,,,,,,Taser International,,,,"$28,000","Initial camera purchase and two servers. $15,000 came from public donations and $13,000 from the Montana Department of Transportation",http://www.nbcmontana.com/news/body-cameras-prove-useful-for-butte-police/38662794,,,,,,